ISO-10303-21;
HEADER;
/* Generated by software containing ST-Developer
 * from STEP Tools, Inc. (www.steptools.com) 
 */

FILE_DESCRIPTION(
/* description */ (''),
/* implementation_level */ '2;1');

FILE_NAME(
/* name */ 'motor_driver_enclosure.stp',
/* time_stamp */ '2026-06-30T09:53:11+03:00',
/* author */ ('dilec'),
/* organization */ (''),
/* preprocessor_version */ 'ST-DEVELOPER v19.2',
/* originating_system */ 'Autodesk Inventor 2024',
/* authorisation */ '');

FILE_SCHEMA (('AUTOMOTIVE_DESIGN { 1 0 10303 214 3 1 1 }'));
ENDSEC;

DATA;
#10=MECHANICAL_DESIGN_GEOMETRIC_PRESENTATION_REPRESENTATION('',(#31,#32,
#33,#34,#35,#36),#4309);
#11=ITEM_DEFINED_TRANSFORMATION($,$,#2705,#2881);
#12=ITEM_DEFINED_TRANSFORMATION($,$,#2822,#2882);
#13=(
REPRESENTATION_RELATIONSHIP($,$,#4323,#4322)
REPRESENTATION_RELATIONSHIP_WITH_TRANSFORMATION(#11)
SHAPE_REPRESENTATION_RELATIONSHIP()
);
#14=(
REPRESENTATION_RELATIONSHIP($,$,#4324,#4322)
REPRESENTATION_RELATIONSHIP_WITH_TRANSFORMATION(#12)
SHAPE_REPRESENTATION_RELATIONSHIP()
);
#15=CONTEXT_DEPENDENT_SHAPE_REPRESENTATION(#13,#4320);
#16=CONTEXT_DEPENDENT_SHAPE_REPRESENTATION(#14,#4321);
#17=NEXT_ASSEMBLY_USAGE_OCCURRENCE('motor s\X\FCr\X\FCc\X\FC kutusu:1',
'motor s\X\FCr\X\FCc\X\FC kutusu:1','motor s\X\FCr\X\FCc\X\FC kutusu:1',
#4326,#4327,'motor s\X\FCr\X\FCc\X\FC kutusu:1');
#18=NEXT_ASSEMBLY_USAGE_OCCURRENCE('kapak:1','kapak:1','kapak:1',#4326,
#4328,'kapak:1');
#19=GEOMETRICALLY_BOUNDED_WIREFRAME_SHAPE_REPRESENTATION('',(#20,#21),#4308);
#20=GEOMETRIC_CURVE_SET('Sketch7',(#4290));
#21=GEOMETRIC_CURVE_SET('Sketch9',(#22,#23,#24,#25,#4299));
#22=POLYLINE('',(#4291,#4292));
#23=POLYLINE('',(#4293,#4294));
#24=POLYLINE('',(#4295,#4296));
#25=POLYLINE('',(#4297,#4298));
#26=SHAPE_REPRESENTATION_RELATIONSHIP('SRR','None',#4323,#29);
#27=SHAPE_REPRESENTATION_RELATIONSHIP('SRR','None',#4324,#30);
#28=SHAPE_REPRESENTATION_RELATIONSHIP('SRR','None',#4324,#19);
#29=ADVANCED_BREP_SHAPE_REPRESENTATION('',(#37),#4307);
#30=ADVANCED_BREP_SHAPE_REPRESENTATION('',(#38),#4308);
#31=STYLED_ITEM('',(#2663),#37);
#32=STYLED_ITEM('',(#2663),#38);
#33=STYLED_ITEM('',(#2664),#22);
#34=STYLED_ITEM('',(#2665),#23);
#35=STYLED_ITEM('',(#2664),#24);
#36=STYLED_ITEM('',(#2665),#25);
#37=MANIFOLD_SOLID_BREP('Solid1',#2635);
#38=MANIFOLD_SOLID_BREP('Solid1',#2636);
#39=CYLINDRICAL_SURFACE('',#2717,1.);
#40=CYLINDRICAL_SURFACE('',#2722,1.);
#41=CYLINDRICAL_SURFACE('',#2727,1.35);
#42=CYLINDRICAL_SURFACE('',#2731,1.35);
#43=CYLINDRICAL_SURFACE('',#2739,1.825);
#44=CYLINDRICAL_SURFACE('',#2742,1.825);
#45=CYLINDRICAL_SURFACE('',#2758,1.45);
#46=CYLINDRICAL_SURFACE('',#2760,1.45);
#47=CYLINDRICAL_SURFACE('',#2764,0.999999999999999);
#48=CYLINDRICAL_SURFACE('',#2767,1.);
#49=CYLINDRICAL_SURFACE('',#2770,0.999999999999999);
#50=CYLINDRICAL_SURFACE('',#2789,1.35);
#51=CYLINDRICAL_SURFACE('',#2795,1.35);
#52=CYLINDRICAL_SURFACE('',#2801,1.35);
#53=CYLINDRICAL_SURFACE('',#2807,1.35);
#54=CYLINDRICAL_SURFACE('',#2813,1.35);
#55=CYLINDRICAL_SURFACE('',#2819,1.35);
#56=CYLINDRICAL_SURFACE('',#2840,1.35);
#57=CYLINDRICAL_SURFACE('',#2846,1.35);
#58=CYLINDRICAL_SURFACE('',#2852,1.35);
#59=CYLINDRICAL_SURFACE('',#2858,1.35);
#60=CYLINDRICAL_SURFACE('',#2864,1.35);
#61=CYLINDRICAL_SURFACE('',#2870,1.35);
#62=FACE_BOUND('',#278,.T.);
#63=FACE_BOUND('',#286,.T.);
#64=FACE_BOUND('',#289,.T.);
#65=FACE_BOUND('',#292,.T.);
#66=FACE_BOUND('',#309,.T.);
#67=FACE_BOUND('',#310,.T.);
#68=FACE_BOUND('',#314,.T.);
#69=FACE_BOUND('',#315,.T.);
#70=FACE_BOUND('',#316,.T.);
#71=FACE_BOUND('',#317,.T.);
#72=FACE_BOUND('',#318,.T.);
#73=FACE_BOUND('',#331,.T.);
#74=FACE_BOUND('',#332,.T.);
#75=FACE_BOUND('',#333,.T.);
#76=FACE_BOUND('',#335,.T.);
#77=FACE_BOUND('',#336,.T.);
#78=FACE_BOUND('',#337,.T.);
#79=FACE_BOUND('',#344,.T.);
#80=FACE_BOUND('',#350,.T.);
#81=FACE_BOUND('',#356,.T.);
#82=FACE_BOUND('',#362,.T.);
#83=FACE_BOUND('',#368,.T.);
#84=FACE_BOUND('',#374,.T.);
#85=FACE_BOUND('',#380,.T.);
#86=FACE_BOUND('',#381,.T.);
#87=FACE_BOUND('',#382,.T.);
#88=FACE_BOUND('',#384,.T.);
#89=FACE_BOUND('',#385,.T.);
#90=FACE_BOUND('',#388,.T.);
#91=FACE_BOUND('',#389,.T.);
#92=FACE_BOUND('',#390,.T.);
#93=FACE_BOUND('',#392,.T.);
#94=FACE_BOUND('',#393,.T.);
#95=FACE_BOUND('',#394,.T.);
#96=FACE_BOUND('',#408,.T.);
#97=FACE_BOUND('',#414,.T.);
#98=FACE_BOUND('',#420,.T.);
#99=FACE_BOUND('',#426,.T.);
#100=FACE_BOUND('',#432,.T.);
#101=FACE_BOUND('',#438,.T.);
#102=CIRCLE('',#2708,1.35);
#103=CIRCLE('',#2716,1.35);
#104=CIRCLE('',#2718,1.);
#105=CIRCLE('',#2719,1.);
#106=CIRCLE('',#2721,1.35);
#107=CIRCLE('',#2723,1.);
#108=CIRCLE('',#2724,1.);
#109=CIRCLE('',#2726,1.35);
#110=CIRCLE('',#2740,1.825);
#111=CIRCLE('',#2741,1.825);
#112=CIRCLE('',#2743,1.825);
#113=CIRCLE('',#2744,1.825);
#114=CIRCLE('',#2750,1.);
#115=CIRCLE('',#2751,0.999999999999999);
#116=CIRCLE('',#2752,0.999999999999999);
#117=CIRCLE('',#2753,1.45);
#118=CIRCLE('',#2754,1.45);
#119=CIRCLE('',#2759,1.45);
#120=CIRCLE('',#2761,1.45);
#121=CIRCLE('',#2763,0.999999999999999);
#122=CIRCLE('',#2766,1.);
#123=CIRCLE('',#2769,0.999999999999999);
#124=CIRCLE('',#2772,1.35);
#125=CIRCLE('',#2773,1.35);
#126=CIRCLE('',#2774,1.35);
#127=CIRCLE('',#2776,1.35);
#128=CIRCLE('',#2777,1.35);
#129=CIRCLE('',#2778,1.35);
#130=CIRCLE('',#2785,1.35);
#131=CIRCLE('',#2791,1.35);
#132=CIRCLE('',#2797,1.35);
#133=CIRCLE('',#2803,1.35);
#134=CIRCLE('',#2809,1.35);
#135=CIRCLE('',#2815,1.35);
#136=CIRCLE('',#2825,1.35);
#137=CIRCLE('',#2826,1.35);
#138=CIRCLE('',#2827,1.35);
#139=CIRCLE('',#2829,1.35);
#140=CIRCLE('',#2830,1.35);
#141=CIRCLE('',#2831,1.35);
#142=CIRCLE('',#2841,1.35);
#143=CIRCLE('',#2847,1.35);
#144=CIRCLE('',#2853,1.35);
#145=CIRCLE('',#2859,1.35);
#146=CIRCLE('',#2865,1.35);
#147=CIRCLE('',#2871,1.35);
#148=FACE_OUTER_BOUND('',#276,.T.);
#149=FACE_OUTER_BOUND('',#277,.T.);
#150=FACE_OUTER_BOUND('',#279,.T.);
#151=FACE_OUTER_BOUND('',#280,.T.);
#152=FACE_OUTER_BOUND('',#281,.T.);
#153=FACE_OUTER_BOUND('',#282,.T.);
#154=FACE_OUTER_BOUND('',#283,.T.);
#155=FACE_OUTER_BOUND('',#284,.T.);
#156=FACE_OUTER_BOUND('',#285,.T.);
#157=FACE_OUTER_BOUND('',#287,.T.);
#158=FACE_OUTER_BOUND('',#288,.T.);
#159=FACE_OUTER_BOUND('',#290,.T.);
#160=FACE_OUTER_BOUND('',#291,.T.);
#161=FACE_OUTER_BOUND('',#293,.T.);
#162=FACE_OUTER_BOUND('',#294,.T.);
#163=FACE_OUTER_BOUND('',#295,.T.);
#164=FACE_OUTER_BOUND('',#296,.T.);
#165=FACE_OUTER_BOUND('',#297,.T.);
#166=FACE_OUTER_BOUND('',#298,.T.);
#167=FACE_OUTER_BOUND('',#299,.T.);
#168=FACE_OUTER_BOUND('',#300,.T.);
#169=FACE_OUTER_BOUND('',#301,.T.);
#170=FACE_OUTER_BOUND('',#302,.T.);
#171=FACE_OUTER_BOUND('',#303,.T.);
#172=FACE_OUTER_BOUND('',#304,.T.);
#173=FACE_OUTER_BOUND('',#305,.T.);
#174=FACE_OUTER_BOUND('',#306,.T.);
#175=FACE_OUTER_BOUND('',#307,.T.);
#176=FACE_OUTER_BOUND('',#308,.T.);
#177=FACE_OUTER_BOUND('',#311,.T.);
#178=FACE_OUTER_BOUND('',#312,.T.);
#179=FACE_OUTER_BOUND('',#313,.T.);
#180=FACE_OUTER_BOUND('',#319,.T.);
#181=FACE_OUTER_BOUND('',#320,.T.);
#182=FACE_OUTER_BOUND('',#321,.T.);
#183=FACE_OUTER_BOUND('',#322,.T.);
#184=FACE_OUTER_BOUND('',#323,.T.);
#185=FACE_OUTER_BOUND('',#324,.T.);
#186=FACE_OUTER_BOUND('',#325,.T.);
#187=FACE_OUTER_BOUND('',#326,.T.);
#188=FACE_OUTER_BOUND('',#327,.T.);
#189=FACE_OUTER_BOUND('',#328,.T.);
#190=FACE_OUTER_BOUND('',#329,.T.);
#191=FACE_OUTER_BOUND('',#330,.T.);
#192=FACE_OUTER_BOUND('',#334,.T.);
#193=FACE_OUTER_BOUND('',#338,.T.);
#194=FACE_OUTER_BOUND('',#339,.T.);
#195=FACE_OUTER_BOUND('',#340,.T.);
#196=FACE_OUTER_BOUND('',#341,.T.);
#197=FACE_OUTER_BOUND('',#342,.T.);
#198=FACE_OUTER_BOUND('',#343,.T.);
#199=FACE_OUTER_BOUND('',#345,.T.);
#200=FACE_OUTER_BOUND('',#346,.T.);
#201=FACE_OUTER_BOUND('',#347,.T.);
#202=FACE_OUTER_BOUND('',#348,.T.);
#203=FACE_OUTER_BOUND('',#349,.T.);
#204=FACE_OUTER_BOUND('',#351,.T.);
#205=FACE_OUTER_BOUND('',#352,.T.);
#206=FACE_OUTER_BOUND('',#353,.T.);
#207=FACE_OUTER_BOUND('',#354,.T.);
#208=FACE_OUTER_BOUND('',#355,.T.);
#209=FACE_OUTER_BOUND('',#357,.T.);
#210=FACE_OUTER_BOUND('',#358,.T.);
#211=FACE_OUTER_BOUND('',#359,.T.);
#212=FACE_OUTER_BOUND('',#360,.T.);
#213=FACE_OUTER_BOUND('',#361,.T.);
#214=FACE_OUTER_BOUND('',#363,.T.);
#215=FACE_OUTER_BOUND('',#364,.T.);
#216=FACE_OUTER_BOUND('',#365,.T.);
#217=FACE_OUTER_BOUND('',#366,.T.);
#218=FACE_OUTER_BOUND('',#367,.T.);
#219=FACE_OUTER_BOUND('',#369,.T.);
#220=FACE_OUTER_BOUND('',#370,.T.);
#221=FACE_OUTER_BOUND('',#371,.T.);
#222=FACE_OUTER_BOUND('',#372,.T.);
#223=FACE_OUTER_BOUND('',#373,.T.);
#224=FACE_OUTER_BOUND('',#375,.T.);
#225=FACE_OUTER_BOUND('',#376,.T.);
#226=FACE_OUTER_BOUND('',#377,.T.);
#227=FACE_OUTER_BOUND('',#378,.T.);
#228=FACE_OUTER_BOUND('',#379,.T.);
#229=FACE_OUTER_BOUND('',#383,.T.);
#230=FACE_OUTER_BOUND('',#386,.T.);
#231=FACE_OUTER_BOUND('',#387,.T.);
#232=FACE_OUTER_BOUND('',#391,.T.);
#233=FACE_OUTER_BOUND('',#395,.T.);
#234=FACE_OUTER_BOUND('',#396,.T.);
#235=FACE_OUTER_BOUND('',#397,.T.);
#236=FACE_OUTER_BOUND('',#398,.T.);
#237=FACE_OUTER_BOUND('',#399,.T.);
#238=FACE_OUTER_BOUND('',#400,.T.);
#239=FACE_OUTER_BOUND('',#401,.T.);
#240=FACE_OUTER_BOUND('',#402,.T.);
#241=FACE_OUTER_BOUND('',#403,.T.);
#242=FACE_OUTER_BOUND('',#404,.T.);
#243=FACE_OUTER_BOUND('',#405,.T.);
#244=FACE_OUTER_BOUND('',#406,.T.);
#245=FACE_OUTER_BOUND('',#407,.T.);
#246=FACE_OUTER_BOUND('',#409,.T.);
#247=FACE_OUTER_BOUND('',#410,.T.);
#248=FACE_OUTER_BOUND('',#411,.T.);
#249=FACE_OUTER_BOUND('',#412,.T.);
#250=FACE_OUTER_BOUND('',#413,.T.);
#251=FACE_OUTER_BOUND('',#415,.T.);
#252=FACE_OUTER_BOUND('',#416,.T.);
#253=FACE_OUTER_BOUND('',#417,.T.);
#254=FACE_OUTER_BOUND('',#418,.T.);
#255=FACE_OUTER_BOUND('',#419,.T.);
#256=FACE_OUTER_BOUND('',#421,.T.);
#257=FACE_OUTER_BOUND('',#422,.T.);
#258=FACE_OUTER_BOUND('',#423,.T.);
#259=FACE_OUTER_BOUND('',#424,.T.);
#260=FACE_OUTER_BOUND('',#425,.T.);
#261=FACE_OUTER_BOUND('',#427,.T.);
#262=FACE_OUTER_BOUND('',#428,.T.);
#263=FACE_OUTER_BOUND('',#429,.T.);
#264=FACE_OUTER_BOUND('',#430,.T.);
#265=FACE_OUTER_BOUND('',#431,.T.);
#266=FACE_OUTER_BOUND('',#433,.T.);
#267=FACE_OUTER_BOUND('',#434,.T.);
#268=FACE_OUTER_BOUND('',#435,.T.);
#269=FACE_OUTER_BOUND('',#436,.T.);
#270=FACE_OUTER_BOUND('',#437,.T.);
#271=FACE_OUTER_BOUND('',#439,.T.);
#272=FACE_OUTER_BOUND('',#440,.T.);
#273=FACE_OUTER_BOUND('',#441,.T.);
#274=FACE_OUTER_BOUND('',#442,.T.);
#275=FACE_OUTER_BOUND('',#443,.T.);
#276=EDGE_LOOP('',(#1678,#1679,#1680,#1681,#1682,#1683));
#277=EDGE_LOOP('',(#1684,#1685,#1686,#1687,#1688,#1689,#1690,#1691));
#278=EDGE_LOOP('',(#1692));
#279=EDGE_LOOP('',(#1693,#1694,#1695,#1696,#1697,#1698,#1699,#1700));
#280=EDGE_LOOP('',(#1701,#1702,#1703,#1704));
#281=EDGE_LOOP('',(#1705,#1706,#1707,#1708));
#282=EDGE_LOOP('',(#1709,#1710,#1711,#1712));
#283=EDGE_LOOP('',(#1713,#1714,#1715,#1716));
#284=EDGE_LOOP('',(#1717,#1718,#1719,#1720));
#285=EDGE_LOOP('',(#1721,#1722,#1723,#1724,#1725,#1726,#1727,#1728,#1729,
#1730));
#286=EDGE_LOOP('',(#1731));
#287=EDGE_LOOP('',(#1732,#1733,#1734,#1735));
#288=EDGE_LOOP('',(#1736,#1737,#1738,#1739));
#289=EDGE_LOOP('',(#1740));
#290=EDGE_LOOP('',(#1741,#1742,#1743,#1744));
#291=EDGE_LOOP('',(#1745,#1746,#1747,#1748));
#292=EDGE_LOOP('',(#1749));
#293=EDGE_LOOP('',(#1750,#1751,#1752,#1753));
#294=EDGE_LOOP('',(#1754,#1755,#1756,#1757,#1758));
#295=EDGE_LOOP('',(#1759,#1760,#1761,#1762));
#296=EDGE_LOOP('',(#1763,#1764,#1765,#1766,#1767));
#297=EDGE_LOOP('',(#1768,#1769,#1770,#1771));
#298=EDGE_LOOP('',(#1772,#1773,#1774,#1775,#1776));
#299=EDGE_LOOP('',(#1777,#1778,#1779,#1780));
#300=EDGE_LOOP('',(#1781,#1782,#1783,#1784,#1785));
#301=EDGE_LOOP('',(#1786,#1787,#1788,#1789,#1790,#1791,#1792,#1793,#1794,
#1795,#1796,#1797,#1798,#1799,#1800,#1801,#1802,#1803,#1804,#1805,#1806,
#1807,#1808,#1809));
#302=EDGE_LOOP('',(#1810,#1811,#1812,#1813,#1814,#1815,#1816,#1817,#1818,
#1819,#1820,#1821,#1822,#1823,#1824,#1825,#1826,#1827,#1828,#1829,#1830,
#1831,#1832,#1833));
#303=EDGE_LOOP('',(#1834,#1835,#1836,#1837));
#304=EDGE_LOOP('',(#1838,#1839,#1840,#1841));
#305=EDGE_LOOP('',(#1842,#1843,#1844,#1845));
#306=EDGE_LOOP('',(#1846,#1847,#1848,#1849));
#307=EDGE_LOOP('',(#1850,#1851,#1852,#1853,#1854,#1855,#1856));
#308=EDGE_LOOP('',(#1857,#1858,#1859,#1860,#1861,#1862,#1863,#1864));
#309=EDGE_LOOP('',(#1865));
#310=EDGE_LOOP('',(#1866));
#311=EDGE_LOOP('',(#1867,#1868,#1869,#1870,#1871,#1872,#1873,#1874,#1875,
#1876,#1877));
#312=EDGE_LOOP('',(#1878,#1879,#1880,#1881));
#313=EDGE_LOOP('',(#1882,#1883,#1884,#1885,#1886,#1887,#1888,#1889));
#314=EDGE_LOOP('',(#1890));
#315=EDGE_LOOP('',(#1891));
#316=EDGE_LOOP('',(#1892));
#317=EDGE_LOOP('',(#1893));
#318=EDGE_LOOP('',(#1894));
#319=EDGE_LOOP('',(#1895,#1896,#1897,#1898));
#320=EDGE_LOOP('',(#1899,#1900,#1901,#1902));
#321=EDGE_LOOP('',(#1903,#1904,#1905,#1906));
#322=EDGE_LOOP('',(#1907,#1908,#1909,#1910));
#323=EDGE_LOOP('',(#1911,#1912,#1913,#1914));
#324=EDGE_LOOP('',(#1915));
#325=EDGE_LOOP('',(#1916,#1917,#1918,#1919));
#326=EDGE_LOOP('',(#1920));
#327=EDGE_LOOP('',(#1921,#1922,#1923,#1924));
#328=EDGE_LOOP('',(#1925));
#329=EDGE_LOOP('',(#1926,#1927,#1928,#1929));
#330=EDGE_LOOP('',(#1930,#1931,#1932,#1933,#1934,#1935,#1936,#1937,#1938,
#1939,#1940,#1941,#1942,#1943,#1944,#1945,#1946,#1947));
#331=EDGE_LOOP('',(#1948));
#332=EDGE_LOOP('',(#1949));
#333=EDGE_LOOP('',(#1950));
#334=EDGE_LOOP('',(#1951,#1952,#1953,#1954,#1955,#1956,#1957,#1958,#1959,
#1960,#1961,#1962,#1963,#1964,#1965,#1966,#1967,#1968,#1969,#1970));
#335=EDGE_LOOP('',(#1971));
#336=EDGE_LOOP('',(#1972));
#337=EDGE_LOOP('',(#1973));
#338=EDGE_LOOP('',(#1974,#1975,#1976,#1977));
#339=EDGE_LOOP('',(#1978,#1979,#1980,#1981,#1982,#1983));
#340=EDGE_LOOP('',(#1984,#1985,#1986,#1987));
#341=EDGE_LOOP('',(#1988,#1989,#1990,#1991));
#342=EDGE_LOOP('',(#1992,#1993,#1994,#1995,#1996,#1997,#1998,#1999));
#343=EDGE_LOOP('',(#2000,#2001,#2002,#2003));
#344=EDGE_LOOP('',(#2004));
#345=EDGE_LOOP('',(#2005,#2006,#2007,#2008));
#346=EDGE_LOOP('',(#2009,#2010,#2011,#2012));
#347=EDGE_LOOP('',(#2013,#2014,#2015,#2016));
#348=EDGE_LOOP('',(#2017,#2018,#2019,#2020));
#349=EDGE_LOOP('',(#2021,#2022,#2023,#2024));
#350=EDGE_LOOP('',(#2025));
#351=EDGE_LOOP('',(#2026,#2027,#2028,#2029));
#352=EDGE_LOOP('',(#2030,#2031,#2032,#2033));
#353=EDGE_LOOP('',(#2034,#2035,#2036,#2037));
#354=EDGE_LOOP('',(#2038,#2039,#2040,#2041));
#355=EDGE_LOOP('',(#2042,#2043,#2044,#2045));
#356=EDGE_LOOP('',(#2046));
#357=EDGE_LOOP('',(#2047,#2048,#2049,#2050));
#358=EDGE_LOOP('',(#2051,#2052,#2053,#2054));
#359=EDGE_LOOP('',(#2055,#2056,#2057,#2058));
#360=EDGE_LOOP('',(#2059,#2060,#2061,#2062));
#361=EDGE_LOOP('',(#2063,#2064,#2065,#2066));
#362=EDGE_LOOP('',(#2067));
#363=EDGE_LOOP('',(#2068,#2069,#2070,#2071));
#364=EDGE_LOOP('',(#2072,#2073,#2074,#2075));
#365=EDGE_LOOP('',(#2076,#2077,#2078,#2079));
#366=EDGE_LOOP('',(#2080,#2081,#2082,#2083));
#367=EDGE_LOOP('',(#2084,#2085,#2086,#2087));
#368=EDGE_LOOP('',(#2088));
#369=EDGE_LOOP('',(#2089,#2090,#2091,#2092));
#370=EDGE_LOOP('',(#2093,#2094,#2095,#2096));
#371=EDGE_LOOP('',(#2097,#2098,#2099,#2100));
#372=EDGE_LOOP('',(#2101,#2102,#2103,#2104));
#373=EDGE_LOOP('',(#2105,#2106,#2107,#2108));
#374=EDGE_LOOP('',(#2109));
#375=EDGE_LOOP('',(#2110,#2111,#2112,#2113));
#376=EDGE_LOOP('',(#2114,#2115,#2116,#2117));
#377=EDGE_LOOP('',(#2118,#2119,#2120,#2121));
#378=EDGE_LOOP('',(#2122,#2123,#2124,#2125));
#379=EDGE_LOOP('',(#2126,#2127,#2128,#2129));
#380=EDGE_LOOP('',(#2130,#2131,#2132,#2133));
#381=EDGE_LOOP('',(#2134));
#382=EDGE_LOOP('',(#2135));
#383=EDGE_LOOP('',(#2136,#2137,#2138,#2139));
#384=EDGE_LOOP('',(#2140));
#385=EDGE_LOOP('',(#2141));
#386=EDGE_LOOP('',(#2142,#2143,#2144,#2145));
#387=EDGE_LOOP('',(#2146,#2147,#2148,#2149,#2150,#2151,#2152,#2153,#2154,
#2155,#2156,#2157,#2158,#2159,#2160,#2161));
#388=EDGE_LOOP('',(#2162));
#389=EDGE_LOOP('',(#2163));
#390=EDGE_LOOP('',(#2164));
#391=EDGE_LOOP('',(#2165,#2166,#2167,#2168,#2169,#2170,#2171,#2172,#2173,
#2174,#2175,#2176,#2177,#2178,#2179,#2180));
#392=EDGE_LOOP('',(#2181));
#393=EDGE_LOOP('',(#2182));
#394=EDGE_LOOP('',(#2183));
#395=EDGE_LOOP('',(#2184,#2185,#2186,#2187));
#396=EDGE_LOOP('',(#2188,#2189,#2190,#2191,#2192,#2193,#2194));
#397=EDGE_LOOP('',(#2195,#2196,#2197,#2198));
#398=EDGE_LOOP('',(#2199,#2200,#2201,#2202,#2203,#2204));
#399=EDGE_LOOP('',(#2205,#2206,#2207,#2208));
#400=EDGE_LOOP('',(#2209,#2210,#2211,#2212,#2213,#2214,#2215));
#401=EDGE_LOOP('',(#2216,#2217,#2218,#2219));
#402=EDGE_LOOP('',(#2220,#2221,#2222,#2223,#2224,#2225,#2226,#2227,#2228,
#2229,#2230,#2231,#2232,#2233,#2234,#2235,#2236,#2237));
#403=EDGE_LOOP('',(#2238,#2239,#2240,#2241));
#404=EDGE_LOOP('',(#2242,#2243,#2244,#2245));
#405=EDGE_LOOP('',(#2246,#2247,#2248,#2249));
#406=EDGE_LOOP('',(#2250,#2251,#2252,#2253));
#407=EDGE_LOOP('',(#2254,#2255,#2256,#2257));
#408=EDGE_LOOP('',(#2258));
#409=EDGE_LOOP('',(#2259,#2260,#2261,#2262));
#410=EDGE_LOOP('',(#2263,#2264,#2265,#2266));
#411=EDGE_LOOP('',(#2267,#2268,#2269,#2270));
#412=EDGE_LOOP('',(#2271,#2272,#2273,#2274));
#413=EDGE_LOOP('',(#2275,#2276,#2277,#2278));
#414=EDGE_LOOP('',(#2279));
#415=EDGE_LOOP('',(#2280,#2281,#2282,#2283));
#416=EDGE_LOOP('',(#2284,#2285,#2286,#2287));
#417=EDGE_LOOP('',(#2288,#2289,#2290,#2291));
#418=EDGE_LOOP('',(#2292,#2293,#2294,#2295));
#419=EDGE_LOOP('',(#2296,#2297,#2298,#2299));
#420=EDGE_LOOP('',(#2300));
#421=EDGE_LOOP('',(#2301,#2302,#2303,#2304));
#422=EDGE_LOOP('',(#2305,#2306,#2307,#2308));
#423=EDGE_LOOP('',(#2309,#2310,#2311,#2312));
#424=EDGE_LOOP('',(#2313,#2314,#2315,#2316));
#425=EDGE_LOOP('',(#2317,#2318,#2319,#2320));
#426=EDGE_LOOP('',(#2321));
#427=EDGE_LOOP('',(#2322,#2323,#2324,#2325));
#428=EDGE_LOOP('',(#2326,#2327,#2328,#2329));
#429=EDGE_LOOP('',(#2330,#2331,#2332,#2333));
#430=EDGE_LOOP('',(#2334,#2335,#2336,#2337));
#431=EDGE_LOOP('',(#2338,#2339,#2340,#2341));
#432=EDGE_LOOP('',(#2342));
#433=EDGE_LOOP('',(#2343,#2344,#2345,#2346));
#434=EDGE_LOOP('',(#2347,#2348,#2349,#2350));
#435=EDGE_LOOP('',(#2351,#2352,#2353,#2354));
#436=EDGE_LOOP('',(#2355,#2356,#2357,#2358));
#437=EDGE_LOOP('',(#2359,#2360,#2361,#2362));
#438=EDGE_LOOP('',(#2363));
#439=EDGE_LOOP('',(#2364,#2365,#2366,#2367,#2368,#2369,#2370,#2371,#2372,
#2373,#2374,#2375,#2376,#2377,#2378,#2379,#2380,#2381));
#440=EDGE_LOOP('',(#2382,#2383,#2384,#2385));
#441=EDGE_LOOP('',(#2386,#2387,#2388,#2389,#2390,#2391,#2392,#2393));
#442=EDGE_LOOP('',(#2394,#2395,#2396,#2397));
#443=EDGE_LOOP('',(#2398,#2399,#2400,#2401));
#444=LINE('',#3562,#760);
#445=LINE('',#3564,#761);
#446=LINE('',#3566,#762);
#447=LINE('',#3568,#763);
#448=LINE('',#3570,#764);
#449=LINE('',#3571,#765);
#450=LINE('',#3574,#766);
#451=LINE('',#3576,#767);
#452=LINE('',#3578,#768);
#453=LINE('',#3580,#769);
#454=LINE('',#3582,#770);
#455=LINE('',#3584,#771);
#456=LINE('',#3585,#772);
#457=LINE('',#3590,#773);
#458=LINE('',#3592,#774);
#459=LINE('',#3594,#775);
#460=LINE('',#3596,#776);
#461=LINE('',#3598,#777);
#462=LINE('',#3599,#778);
#463=LINE('',#3603,#779);
#464=LINE('',#3605,#780);
#465=LINE('',#3607,#781);
#466=LINE('',#3608,#782);
#467=LINE('',#3612,#783);
#468=LINE('',#3614,#784);
#469=LINE('',#3616,#785);
#470=LINE('',#3617,#786);
#471=LINE('',#3620,#787);
#472=LINE('',#3622,#788);
#473=LINE('',#3623,#789);
#474=LINE('',#3626,#790);
#475=LINE('',#3628,#791);
#476=LINE('',#3629,#792);
#477=LINE('',#3632,#793);
#478=LINE('',#3633,#794);
#479=LINE('',#3635,#795);
#480=LINE('',#3637,#796);
#481=LINE('',#3639,#797);
#482=LINE('',#3641,#798);
#483=LINE('',#3643,#799);
#484=LINE('',#3645,#800);
#485=LINE('',#3647,#801);
#486=LINE('',#3648,#802);
#487=LINE('',#3656,#803);
#488=LINE('',#3659,#804);
#489=LINE('',#3662,#805);
#490=LINE('',#3664,#806);
#491=LINE('',#3665,#807);
#492=LINE('',#3673,#808);
#493=LINE('',#3676,#809);
#494=LINE('',#3679,#810);
#495=LINE('',#3681,#811);
#496=LINE('',#3682,#812);
#497=LINE('',#3686,#813);
#498=LINE('',#3688,#814);
#499=LINE('',#3689,#815);
#500=LINE('',#3691,#816);
#501=LINE('',#3693,#817);
#502=LINE('',#3695,#818);
#503=LINE('',#3697,#819);
#504=LINE('',#3698,#820);
#505=LINE('',#3700,#821);
#506=LINE('',#3702,#822);
#507=LINE('',#3705,#823);
#508=LINE('',#3707,#824);
#509=LINE('',#3709,#825);
#510=LINE('',#3711,#826);
#511=LINE('',#3713,#827);
#512=LINE('',#3715,#828);
#513=LINE('',#3717,#829);
#514=LINE('',#3719,#830);
#515=LINE('',#3721,#831);
#516=LINE('',#3723,#832);
#517=LINE('',#3725,#833);
#518=LINE('',#3727,#834);
#519=LINE('',#3729,#835);
#520=LINE('',#3731,#836);
#521=LINE('',#3733,#837);
#522=LINE('',#3735,#838);
#523=LINE('',#3737,#839);
#524=LINE('',#3738,#840);
#525=LINE('',#3741,#841);
#526=LINE('',#3743,#842);
#527=LINE('',#3745,#843);
#528=LINE('',#3747,#844);
#529=LINE('',#3749,#845);
#530=LINE('',#3751,#846);
#531=LINE('',#3753,#847);
#532=LINE('',#3755,#848);
#533=LINE('',#3757,#849);
#534=LINE('',#3759,#850);
#535=LINE('',#3761,#851);
#536=LINE('',#3763,#852);
#537=LINE('',#3765,#853);
#538=LINE('',#3767,#854);
#539=LINE('',#3769,#855);
#540=LINE('',#3771,#856);
#541=LINE('',#3773,#857);
#542=LINE('',#3774,#858);
#543=LINE('',#3777,#859);
#544=LINE('',#3778,#860);
#545=LINE('',#3781,#861);
#546=LINE('',#3782,#862);
#547=LINE('',#3787,#863);
#548=LINE('',#3793,#864);
#549=LINE('',#3798,#865);
#550=LINE('',#3799,#866);
#551=LINE('',#3801,#867);
#552=LINE('',#3803,#868);
#553=LINE('',#3804,#869);
#554=LINE('',#3807,#870);
#555=LINE('',#3808,#871);
#556=LINE('',#3809,#872);
#557=LINE('',#3812,#873);
#558=LINE('',#3814,#874);
#559=LINE('',#3816,#875);
#560=LINE('',#3818,#876);
#561=LINE('',#3820,#877);
#562=LINE('',#3822,#878);
#563=LINE('',#3824,#879);
#564=LINE('',#3825,#880);
#565=LINE('',#3827,#881);
#566=LINE('',#3828,#882);
#567=LINE('',#3830,#883);
#568=LINE('',#3832,#884);
#569=LINE('',#3834,#885);
#570=LINE('',#3835,#886);
#571=LINE('',#3848,#887);
#572=LINE('',#3849,#888);
#573=LINE('',#3852,#889);
#574=LINE('',#3853,#890);
#575=LINE('',#3855,#891);
#576=LINE('',#3858,#892);
#577=LINE('',#3862,#893);
#578=LINE('',#3868,#894);
#579=LINE('',#3873,#895);
#580=LINE('',#3878,#896);
#581=LINE('',#3881,#897);
#582=LINE('',#3883,#898);
#583=LINE('',#3884,#899);
#584=LINE('',#3886,#900);
#585=LINE('',#3888,#901);
#586=LINE('',#3889,#902);
#587=LINE('',#3891,#903);
#588=LINE('',#3893,#904);
#589=LINE('',#3894,#905);
#590=LINE('',#3895,#906);
#591=LINE('',#3903,#907);
#592=LINE('',#3904,#908);
#593=LINE('',#3906,#909);
#594=LINE('',#3908,#910);
#595=LINE('',#3909,#911);
#596=LINE('',#3911,#912);
#597=LINE('',#3913,#913);
#598=LINE('',#3914,#914);
#599=LINE('',#3916,#915);
#600=LINE('',#3918,#916);
#601=LINE('',#3919,#917);
#602=LINE('',#3927,#918);
#603=LINE('',#3929,#919);
#604=LINE('',#3930,#920);
#605=LINE('',#3936,#921);
#606=LINE('',#3938,#922);
#607=LINE('',#3939,#923);
#608=LINE('',#3943,#924);
#609=LINE('',#3945,#925);
#610=LINE('',#3948,#926);
#611=LINE('',#3951,#927);
#612=LINE('',#3953,#928);
#613=LINE('',#3954,#929);
#614=LINE('',#3958,#930);
#615=LINE('',#3960,#931);
#616=LINE('',#3963,#932);
#617=LINE('',#3966,#933);
#618=LINE('',#3968,#934);
#619=LINE('',#3969,#935);
#620=LINE('',#3973,#936);
#621=LINE('',#3975,#937);
#622=LINE('',#3978,#938);
#623=LINE('',#3981,#939);
#624=LINE('',#3983,#940);
#625=LINE('',#3984,#941);
#626=LINE('',#3988,#942);
#627=LINE('',#3990,#943);
#628=LINE('',#3993,#944);
#629=LINE('',#3996,#945);
#630=LINE('',#3998,#946);
#631=LINE('',#3999,#947);
#632=LINE('',#4003,#948);
#633=LINE('',#4005,#949);
#634=LINE('',#4008,#950);
#635=LINE('',#4011,#951);
#636=LINE('',#4013,#952);
#637=LINE('',#4014,#953);
#638=LINE('',#4018,#954);
#639=LINE('',#4020,#955);
#640=LINE('',#4023,#956);
#641=LINE('',#4025,#957);
#642=LINE('',#4031,#958);
#643=LINE('',#4033,#959);
#644=LINE('',#4035,#960);
#645=LINE('',#4036,#961);
#646=LINE('',#4040,#962);
#647=LINE('',#4042,#963);
#648=LINE('',#4044,#964);
#649=LINE('',#4046,#965);
#650=LINE('',#4048,#966);
#651=LINE('',#4050,#967);
#652=LINE('',#4052,#968);
#653=LINE('',#4054,#969);
#654=LINE('',#4056,#970);
#655=LINE('',#4058,#971);
#656=LINE('',#4060,#972);
#657=LINE('',#4062,#973);
#658=LINE('',#4064,#974);
#659=LINE('',#4066,#975);
#660=LINE('',#4068,#976);
#661=LINE('',#4069,#977);
#662=LINE('',#4079,#978);
#663=LINE('',#4081,#979);
#664=LINE('',#4083,#980);
#665=LINE('',#4085,#981);
#666=LINE('',#4087,#982);
#667=LINE('',#4089,#983);
#668=LINE('',#4091,#984);
#669=LINE('',#4093,#985);
#670=LINE('',#4095,#986);
#671=LINE('',#4097,#987);
#672=LINE('',#4099,#988);
#673=LINE('',#4101,#989);
#674=LINE('',#4103,#990);
#675=LINE('',#4105,#991);
#676=LINE('',#4107,#992);
#677=LINE('',#4108,#993);
#678=LINE('',#4117,#994);
#679=LINE('',#4119,#995);
#680=LINE('',#4120,#996);
#681=LINE('',#4123,#997);
#682=LINE('',#4125,#998);
#683=LINE('',#4126,#999);
#684=LINE('',#4127,#1000);
#685=LINE('',#4130,#1001);
#686=LINE('',#4131,#1002);
#687=LINE('',#4134,#1003);
#688=LINE('',#4136,#1004);
#689=LINE('',#4138,#1005);
#690=LINE('',#4140,#1006);
#691=LINE('',#4141,#1007);
#692=LINE('',#4143,#1008);
#693=LINE('',#4144,#1009);
#694=LINE('',#4147,#1010);
#695=LINE('',#4148,#1011);
#696=LINE('',#4149,#1012);
#697=LINE('',#4151,#1013);
#698=LINE('',#4154,#1014);
#699=LINE('',#4156,#1015);
#700=LINE('',#4157,#1016);
#701=LINE('',#4159,#1017);
#702=LINE('',#4161,#1018);
#703=LINE('',#4162,#1019);
#704=LINE('',#4164,#1020);
#705=LINE('',#4166,#1021);
#706=LINE('',#4167,#1022);
#707=LINE('',#4169,#1023);
#708=LINE('',#4171,#1024);
#709=LINE('',#4172,#1025);
#710=LINE('',#4176,#1026);
#711=LINE('',#4179,#1027);
#712=LINE('',#4181,#1028);
#713=LINE('',#4182,#1029);
#714=LINE('',#4185,#1030);
#715=LINE('',#4186,#1031);
#716=LINE('',#4189,#1032);
#717=LINE('',#4190,#1033);
#718=LINE('',#4192,#1034);
#719=LINE('',#4196,#1035);
#720=LINE('',#4199,#1036);
#721=LINE('',#4200,#1037);
#722=LINE('',#4203,#1038);
#723=LINE('',#4204,#1039);
#724=LINE('',#4206,#1040);
#725=LINE('',#4211,#1041);
#726=LINE('',#4214,#1042);
#727=LINE('',#4216,#1043);
#728=LINE('',#4217,#1044);
#729=LINE('',#4220,#1045);
#730=LINE('',#4221,#1046);
#731=LINE('',#4224,#1047);
#732=LINE('',#4225,#1048);
#733=LINE('',#4227,#1049);
#734=LINE('',#4231,#1050);
#735=LINE('',#4234,#1051);
#736=LINE('',#4235,#1052);
#737=LINE('',#4238,#1053);
#738=LINE('',#4239,#1054);
#739=LINE('',#4241,#1055);
#740=LINE('',#4246,#1056);
#741=LINE('',#4249,#1057);
#742=LINE('',#4250,#1058);
#743=LINE('',#4253,#1059);
#744=LINE('',#4254,#1060);
#745=LINE('',#4256,#1061);
#746=LINE('',#4261,#1062);
#747=LINE('',#4264,#1063);
#748=LINE('',#4266,#1064);
#749=LINE('',#4267,#1065);
#750=LINE('',#4270,#1066);
#751=LINE('',#4271,#1067);
#752=LINE('',#4274,#1068);
#753=LINE('',#4275,#1069);
#754=LINE('',#4277,#1070);
#755=LINE('',#4280,#1071);
#756=LINE('',#4282,#1072);
#757=LINE('',#4283,#1073);
#758=LINE('',#4286,#1074);
#759=LINE('',#4288,#1075);
#760=VECTOR('',#2889,10.);
#761=VECTOR('',#2890,10.);
#762=VECTOR('',#2891,10.);
#763=VECTOR('',#2892,10.);
#764=VECTOR('',#2893,10.);
#765=VECTOR('',#2894,10.);
#766=VECTOR('',#2897,10.);
#767=VECTOR('',#2898,10.);
#768=VECTOR('',#2899,10.);
#769=VECTOR('',#2900,10.);
#770=VECTOR('',#2901,10.);
#771=VECTOR('',#2902,10.);
#772=VECTOR('',#2903,10.);
#773=VECTOR('',#2908,10.);
#774=VECTOR('',#2909,10.);
#775=VECTOR('',#2910,10.);
#776=VECTOR('',#2911,10.);
#777=VECTOR('',#2912,10.);
#778=VECTOR('',#2913,10.);
#779=VECTOR('',#2916,10.);
#780=VECTOR('',#2917,10.);
#781=VECTOR('',#2918,10.);
#782=VECTOR('',#2919,10.);
#783=VECTOR('',#2922,10.);
#784=VECTOR('',#2923,10.);
#785=VECTOR('',#2924,10.);
#786=VECTOR('',#2925,10.);
#787=VECTOR('',#2928,10.);
#788=VECTOR('',#2929,10.);
#789=VECTOR('',#2930,10.);
#790=VECTOR('',#2933,10.);
#791=VECTOR('',#2934,10.);
#792=VECTOR('',#2935,10.);
#793=VECTOR('',#2938,10.);
#794=VECTOR('',#2939,10.);
#795=VECTOR('',#2942,10.);
#796=VECTOR('',#2943,10.);
#797=VECTOR('',#2944,10.);
#798=VECTOR('',#2945,10.);
#799=VECTOR('',#2946,10.);
#800=VECTOR('',#2947,10.);
#801=VECTOR('',#2948,10.);
#802=VECTOR('',#2949,10.);
#803=VECTOR('',#2956,10.);
#804=VECTOR('',#2959,10.);
#805=VECTOR('',#2962,10.);
#806=VECTOR('',#2963,10.);
#807=VECTOR('',#2964,10.);
#808=VECTOR('',#2971,10.);
#809=VECTOR('',#2974,10.);
#810=VECTOR('',#2977,10.);
#811=VECTOR('',#2978,10.);
#812=VECTOR('',#2979,10.);
#813=VECTOR('',#2984,1.35);
#814=VECTOR('',#2987,10.);
#815=VECTOR('',#2988,10.);
#816=VECTOR('',#2991,10.);
#817=VECTOR('',#2994,10.);
#818=VECTOR('',#2997,1.35);
#819=VECTOR('',#3000,10.);
#820=VECTOR('',#3001,10.);
#821=VECTOR('',#3004,10.);
#822=VECTOR('',#3007,10.);
#823=VECTOR('',#3010,10.);
#824=VECTOR('',#3011,10.);
#825=VECTOR('',#3012,10.);
#826=VECTOR('',#3013,10.);
#827=VECTOR('',#3014,10.);
#828=VECTOR('',#3015,10.);
#829=VECTOR('',#3016,10.);
#830=VECTOR('',#3017,10.);
#831=VECTOR('',#3018,10.);
#832=VECTOR('',#3019,10.);
#833=VECTOR('',#3020,10.);
#834=VECTOR('',#3021,10.);
#835=VECTOR('',#3022,10.);
#836=VECTOR('',#3023,10.);
#837=VECTOR('',#3024,10.);
#838=VECTOR('',#3025,10.);
#839=VECTOR('',#3026,10.);
#840=VECTOR('',#3027,10.);
#841=VECTOR('',#3030,10.);
#842=VECTOR('',#3031,10.);
#843=VECTOR('',#3032,10.);
#844=VECTOR('',#3033,10.);
#845=VECTOR('',#3034,10.);
#846=VECTOR('',#3035,10.);
#847=VECTOR('',#3036,10.);
#848=VECTOR('',#3037,10.);
#849=VECTOR('',#3038,10.);
#850=VECTOR('',#3039,10.);
#851=VECTOR('',#3040,10.);
#852=VECTOR('',#3041,10.);
#853=VECTOR('',#3042,10.);
#854=VECTOR('',#3043,10.);
#855=VECTOR('',#3044,10.);
#856=VECTOR('',#3045,10.);
#857=VECTOR('',#3046,10.);
#858=VECTOR('',#3047,10.);
#859=VECTOR('',#3050,10.);
#860=VECTOR('',#3051,10.);
#861=VECTOR('',#3054,10.);
#862=VECTOR('',#3055,10.);
#863=VECTOR('',#3060,1.825);
#864=VECTOR('',#3067,1.825);
#865=VECTOR('',#3072,10.);
#866=VECTOR('',#3073,10.);
#867=VECTOR('',#3074,10.);
#868=VECTOR('',#3075,10.);
#869=VECTOR('',#3076,10.);
#870=VECTOR('',#3079,10.);
#871=VECTOR('',#3080,10.);
#872=VECTOR('',#3081,10.);
#873=VECTOR('',#3084,10.);
#874=VECTOR('',#3085,10.);
#875=VECTOR('',#3086,10.);
#876=VECTOR('',#3087,10.);
#877=VECTOR('',#3088,10.);
#878=VECTOR('',#3089,10.);
#879=VECTOR('',#3090,10.);
#880=VECTOR('',#3091,10.);
#881=VECTOR('',#3094,10.);
#882=VECTOR('',#3095,10.);
#883=VECTOR('',#3098,10.);
#884=VECTOR('',#3099,10.);
#885=VECTOR('',#3100,10.);
#886=VECTOR('',#3101,10.);
#887=VECTOR('',#3114,10.);
#888=VECTOR('',#3115,10.);
#889=VECTOR('',#3118,10.);
#890=VECTOR('',#3119,10.);
#891=VECTOR('',#3122,10.);
#892=VECTOR('',#3125,1.45);
#893=VECTOR('',#3130,1.45);
#894=VECTOR('',#3139,0.999999999999999);
#895=VECTOR('',#3146,1.);
#896=VECTOR('',#3153,0.999999999999999);
#897=VECTOR('',#3156,10.);
#898=VECTOR('',#3157,10.);
#899=VECTOR('',#3158,10.);
#900=VECTOR('',#3159,10.);
#901=VECTOR('',#3160,10.);
#902=VECTOR('',#3161,10.);
#903=VECTOR('',#3162,10.);
#904=VECTOR('',#3163,10.);
#905=VECTOR('',#3164,10.);
#906=VECTOR('',#3165,10.);
#907=VECTOR('',#3174,10.);
#908=VECTOR('',#3175,10.);
#909=VECTOR('',#3176,10.);
#910=VECTOR('',#3177,10.);
#911=VECTOR('',#3178,10.);
#912=VECTOR('',#3179,10.);
#913=VECTOR('',#3180,10.);
#914=VECTOR('',#3181,10.);
#915=VECTOR('',#3182,10.);
#916=VECTOR('',#3183,10.);
#917=VECTOR('',#3184,10.);
#918=VECTOR('',#3193,10.);
#919=VECTOR('',#3196,10.);
#920=VECTOR('',#3197,10.);
#921=VECTOR('',#3206,10.);
#922=VECTOR('',#3207,10.);
#923=VECTOR('',#3208,10.);
#924=VECTOR('',#3213,10.);
#925=VECTOR('',#3216,10.);
#926=VECTOR('',#3221,1.35);
#927=VECTOR('',#3224,10.);
#928=VECTOR('',#3225,10.);
#929=VECTOR('',#3226,10.);
#930=VECTOR('',#3231,10.);
#931=VECTOR('',#3234,10.);
#932=VECTOR('',#3239,1.35);
#933=VECTOR('',#3242,10.);
#934=VECTOR('',#3243,10.);
#935=VECTOR('',#3244,10.);
#936=VECTOR('',#3249,10.);
#937=VECTOR('',#3252,10.);
#938=VECTOR('',#3257,1.35);
#939=VECTOR('',#3260,10.);
#940=VECTOR('',#3261,10.);
#941=VECTOR('',#3262,10.);
#942=VECTOR('',#3267,10.);
#943=VECTOR('',#3270,10.);
#944=VECTOR('',#3275,1.35);
#945=VECTOR('',#3278,10.);
#946=VECTOR('',#3279,10.);
#947=VECTOR('',#3280,10.);
#948=VECTOR('',#3285,10.);
#949=VECTOR('',#3288,10.);
#950=VECTOR('',#3293,1.35);
#951=VECTOR('',#3296,10.);
#952=VECTOR('',#3297,10.);
#953=VECTOR('',#3298,10.);
#954=VECTOR('',#3303,10.);
#955=VECTOR('',#3306,10.);
#956=VECTOR('',#3311,1.35);
#957=VECTOR('',#3314,10.);
#958=VECTOR('',#3321,10.);
#959=VECTOR('',#3322,10.);
#960=VECTOR('',#3323,10.);
#961=VECTOR('',#3324,10.);
#962=VECTOR('',#3327,10.);
#963=VECTOR('',#3328,10.);
#964=VECTOR('',#3329,10.);
#965=VECTOR('',#3330,10.);
#966=VECTOR('',#3331,10.);
#967=VECTOR('',#3332,10.);
#968=VECTOR('',#3333,10.);
#969=VECTOR('',#3334,10.);
#970=VECTOR('',#3335,10.);
#971=VECTOR('',#3336,10.);
#972=VECTOR('',#3337,10.);
#973=VECTOR('',#3338,10.);
#974=VECTOR('',#3339,10.);
#975=VECTOR('',#3340,10.);
#976=VECTOR('',#3341,10.);
#977=VECTOR('',#3342,10.);
#978=VECTOR('',#3351,10.);
#979=VECTOR('',#3352,10.);
#980=VECTOR('',#3353,10.);
#981=VECTOR('',#3354,10.);
#982=VECTOR('',#3355,10.);
#983=VECTOR('',#3356,10.);
#984=VECTOR('',#3357,10.);
#985=VECTOR('',#3358,10.);
#986=VECTOR('',#3359,10.);
#987=VECTOR('',#3360,10.);
#988=VECTOR('',#3361,10.);
#989=VECTOR('',#3362,10.);
#990=VECTOR('',#3363,10.);
#991=VECTOR('',#3364,10.);
#992=VECTOR('',#3365,10.);
#993=VECTOR('',#3366,10.);
#994=VECTOR('',#3375,10.);
#995=VECTOR('',#3376,10.);
#996=VECTOR('',#3377,10.);
#997=VECTOR('',#3380,10.);
#998=VECTOR('',#3381,10.);
#999=VECTOR('',#3382,10.);
#1000=VECTOR('',#3383,10.);
#1001=VECTOR('',#3386,10.);
#1002=VECTOR('',#3387,10.);
#1003=VECTOR('',#3390,10.);
#1004=VECTOR('',#3391,10.);
#1005=VECTOR('',#3392,10.);
#1006=VECTOR('',#3393,10.);
#1007=VECTOR('',#3394,10.);
#1008=VECTOR('',#3397,10.);
#1009=VECTOR('',#3398,10.);
#1010=VECTOR('',#3401,10.);
#1011=VECTOR('',#3402,10.);
#1012=VECTOR('',#3403,10.);
#1013=VECTOR('',#3406,10.);
#1014=VECTOR('',#3409,10.);
#1015=VECTOR('',#3410,10.);
#1016=VECTOR('',#3411,10.);
#1017=VECTOR('',#3412,10.);
#1018=VECTOR('',#3413,10.);
#1019=VECTOR('',#3414,10.);
#1020=VECTOR('',#3415,10.);
#1021=VECTOR('',#3416,10.);
#1022=VECTOR('',#3417,10.);
#1023=VECTOR('',#3418,10.);
#1024=VECTOR('',#3419,10.);
#1025=VECTOR('',#3420,10.);
#1026=VECTOR('',#3425,1.35);
#1027=VECTOR('',#3428,10.);
#1028=VECTOR('',#3429,10.);
#1029=VECTOR('',#3430,10.);
#1030=VECTOR('',#3433,10.);
#1031=VECTOR('',#3434,10.);
#1032=VECTOR('',#3437,10.);
#1033=VECTOR('',#3438,10.);
#1034=VECTOR('',#3441,10.);
#1035=VECTOR('',#3446,1.35);
#1036=VECTOR('',#3449,10.);
#1037=VECTOR('',#3450,10.);
#1038=VECTOR('',#3453,10.);
#1039=VECTOR('',#3454,10.);
#1040=VECTOR('',#3457,10.);
#1041=VECTOR('',#3464,1.35);
#1042=VECTOR('',#3467,10.);
#1043=VECTOR('',#3468,10.);
#1044=VECTOR('',#3469,10.);
#1045=VECTOR('',#3472,10.);
#1046=VECTOR('',#3473,10.);
#1047=VECTOR('',#3476,10.);
#1048=VECTOR('',#3477,10.);
#1049=VECTOR('',#3480,10.);
#1050=VECTOR('',#3485,1.35);
#1051=VECTOR('',#3488,10.);
#1052=VECTOR('',#3489,10.);
#1053=VECTOR('',#3492,10.);
#1054=VECTOR('',#3493,10.);
#1055=VECTOR('',#3496,10.);
#1056=VECTOR('',#3503,1.35);
#1057=VECTOR('',#3506,10.);
#1058=VECTOR('',#3507,10.);
#1059=VECTOR('',#3510,10.);
#1060=VECTOR('',#3511,10.);
#1061=VECTOR('',#3514,10.);
#1062=VECTOR('',#3521,1.35);
#1063=VECTOR('',#3524,10.);
#1064=VECTOR('',#3525,10.);
#1065=VECTOR('',#3526,10.);
#1066=VECTOR('',#3529,10.);
#1067=VECTOR('',#3530,10.);
#1068=VECTOR('',#3533,10.);
#1069=VECTOR('',#3534,10.);
#1070=VECTOR('',#3537,10.);
#1071=VECTOR('',#3540,10.);
#1072=VECTOR('',#3541,10.);
#1073=VECTOR('',#3542,10.);
#1074=VECTOR('',#3547,10.);
#1075=VECTOR('',#3550,10.);
#1076=VERTEX_POINT('',#3560);
#1077=VERTEX_POINT('',#3561);
#1078=VERTEX_POINT('',#3563);
#1079=VERTEX_POINT('',#3565);
#1080=VERTEX_POINT('',#3567);
#1081=VERTEX_POINT('',#3569);
#1082=VERTEX_POINT('',#3573);
#1083=VERTEX_POINT('',#3575);
#1084=VERTEX_POINT('',#3577);
#1085=VERTEX_POINT('',#3579);
#1086=VERTEX_POINT('',#3581);
#1087=VERTEX_POINT('',#3583);
#1088=VERTEX_POINT('',#3586);
#1089=VERTEX_POINT('',#3589);
#1090=VERTEX_POINT('',#3591);
#1091=VERTEX_POINT('',#3593);
#1092=VERTEX_POINT('',#3595);
#1093=VERTEX_POINT('',#3597);
#1094=VERTEX_POINT('',#3601);
#1095=VERTEX_POINT('',#3602);
#1096=VERTEX_POINT('',#3604);
#1097=VERTEX_POINT('',#3606);
#1098=VERTEX_POINT('',#3610);
#1099=VERTEX_POINT('',#3611);
#1100=VERTEX_POINT('',#3613);
#1101=VERTEX_POINT('',#3615);
#1102=VERTEX_POINT('',#3619);
#1103=VERTEX_POINT('',#3621);
#1104=VERTEX_POINT('',#3625);
#1105=VERTEX_POINT('',#3627);
#1106=VERTEX_POINT('',#3631);
#1107=VERTEX_POINT('',#3636);
#1108=VERTEX_POINT('',#3638);
#1109=VERTEX_POINT('',#3640);
#1110=VERTEX_POINT('',#3642);
#1111=VERTEX_POINT('',#3644);
#1112=VERTEX_POINT('',#3646);
#1113=VERTEX_POINT('',#3649);
#1114=VERTEX_POINT('',#3652);
#1115=VERTEX_POINT('',#3653);
#1116=VERTEX_POINT('',#3655);
#1117=VERTEX_POINT('',#3657);
#1118=VERTEX_POINT('',#3661);
#1119=VERTEX_POINT('',#3663);
#1120=VERTEX_POINT('',#3666);
#1121=VERTEX_POINT('',#3669);
#1122=VERTEX_POINT('',#3670);
#1123=VERTEX_POINT('',#3672);
#1124=VERTEX_POINT('',#3674);
#1125=VERTEX_POINT('',#3678);
#1126=VERTEX_POINT('',#3680);
#1127=VERTEX_POINT('',#3683);
#1128=VERTEX_POINT('',#3704);
#1129=VERTEX_POINT('',#3706);
#1130=VERTEX_POINT('',#3708);
#1131=VERTEX_POINT('',#3710);
#1132=VERTEX_POINT('',#3712);
#1133=VERTEX_POINT('',#3714);
#1134=VERTEX_POINT('',#3716);
#1135=VERTEX_POINT('',#3718);
#1136=VERTEX_POINT('',#3720);
#1137=VERTEX_POINT('',#3722);
#1138=VERTEX_POINT('',#3724);
#1139=VERTEX_POINT('',#3726);
#1140=VERTEX_POINT('',#3728);
#1141=VERTEX_POINT('',#3730);
#1142=VERTEX_POINT('',#3732);
#1143=VERTEX_POINT('',#3734);
#1144=VERTEX_POINT('',#3736);
#1145=VERTEX_POINT('',#3740);
#1146=VERTEX_POINT('',#3742);
#1147=VERTEX_POINT('',#3744);
#1148=VERTEX_POINT('',#3746);
#1149=VERTEX_POINT('',#3748);
#1150=VERTEX_POINT('',#3750);
#1151=VERTEX_POINT('',#3752);
#1152=VERTEX_POINT('',#3754);
#1153=VERTEX_POINT('',#3756);
#1154=VERTEX_POINT('',#3758);
#1155=VERTEX_POINT('',#3760);
#1156=VERTEX_POINT('',#3762);
#1157=VERTEX_POINT('',#3764);
#1158=VERTEX_POINT('',#3766);
#1159=VERTEX_POINT('',#3768);
#1160=VERTEX_POINT('',#3770);
#1161=VERTEX_POINT('',#3772);
#1162=VERTEX_POINT('',#3776);
#1163=VERTEX_POINT('',#3780);
#1164=VERTEX_POINT('',#3784);
#1165=VERTEX_POINT('',#3786);
#1166=VERTEX_POINT('',#3790);
#1167=VERTEX_POINT('',#3792);
#1168=VERTEX_POINT('',#3796);
#1169=VERTEX_POINT('',#3797);
#1170=VERTEX_POINT('',#3800);
#1171=VERTEX_POINT('',#3802);
#1172=VERTEX_POINT('',#3806);
#1173=VERTEX_POINT('',#3811);
#1174=VERTEX_POINT('',#3813);
#1175=VERTEX_POINT('',#3815);
#1176=VERTEX_POINT('',#3817);
#1177=VERTEX_POINT('',#3819);
#1178=VERTEX_POINT('',#3821);
#1179=VERTEX_POINT('',#3823);
#1180=VERTEX_POINT('',#3831);
#1181=VERTEX_POINT('',#3833);
#1182=VERTEX_POINT('',#3836);
#1183=VERTEX_POINT('',#3838);
#1184=VERTEX_POINT('',#3840);
#1185=VERTEX_POINT('',#3842);
#1186=VERTEX_POINT('',#3844);
#1187=VERTEX_POINT('',#3847);
#1188=VERTEX_POINT('',#3851);
#1189=VERTEX_POINT('',#3857);
#1190=VERTEX_POINT('',#3861);
#1191=VERTEX_POINT('',#3865);
#1192=VERTEX_POINT('',#3870);
#1193=VERTEX_POINT('',#3875);
#1194=VERTEX_POINT('',#3880);
#1195=VERTEX_POINT('',#3882);
#1196=VERTEX_POINT('',#3885);
#1197=VERTEX_POINT('',#3887);
#1198=VERTEX_POINT('',#3890);
#1199=VERTEX_POINT('',#3892);
#1200=VERTEX_POINT('',#3896);
#1201=VERTEX_POINT('',#3898);
#1202=VERTEX_POINT('',#3900);
#1203=VERTEX_POINT('',#3905);
#1204=VERTEX_POINT('',#3907);
#1205=VERTEX_POINT('',#3910);
#1206=VERTEX_POINT('',#3912);
#1207=VERTEX_POINT('',#3915);
#1208=VERTEX_POINT('',#3917);
#1209=VERTEX_POINT('',#3920);
#1210=VERTEX_POINT('',#3922);
#1211=VERTEX_POINT('',#3924);
#1212=VERTEX_POINT('',#3935);
#1213=VERTEX_POINT('',#3937);
#1214=VERTEX_POINT('',#3940);
#1215=VERTEX_POINT('',#3950);
#1216=VERTEX_POINT('',#3952);
#1217=VERTEX_POINT('',#3955);
#1218=VERTEX_POINT('',#3965);
#1219=VERTEX_POINT('',#3967);
#1220=VERTEX_POINT('',#3970);
#1221=VERTEX_POINT('',#3980);
#1222=VERTEX_POINT('',#3982);
#1223=VERTEX_POINT('',#3985);
#1224=VERTEX_POINT('',#3995);
#1225=VERTEX_POINT('',#3997);
#1226=VERTEX_POINT('',#4000);
#1227=VERTEX_POINT('',#4010);
#1228=VERTEX_POINT('',#4012);
#1229=VERTEX_POINT('',#4015);
#1230=VERTEX_POINT('',#4029);
#1231=VERTEX_POINT('',#4030);
#1232=VERTEX_POINT('',#4032);
#1233=VERTEX_POINT('',#4034);
#1234=VERTEX_POINT('',#4038);
#1235=VERTEX_POINT('',#4039);
#1236=VERTEX_POINT('',#4041);
#1237=VERTEX_POINT('',#4043);
#1238=VERTEX_POINT('',#4045);
#1239=VERTEX_POINT('',#4047);
#1240=VERTEX_POINT('',#4049);
#1241=VERTEX_POINT('',#4051);
#1242=VERTEX_POINT('',#4053);
#1243=VERTEX_POINT('',#4055);
#1244=VERTEX_POINT('',#4057);
#1245=VERTEX_POINT('',#4059);
#1246=VERTEX_POINT('',#4061);
#1247=VERTEX_POINT('',#4063);
#1248=VERTEX_POINT('',#4065);
#1249=VERTEX_POINT('',#4067);
#1250=VERTEX_POINT('',#4070);
#1251=VERTEX_POINT('',#4072);
#1252=VERTEX_POINT('',#4074);
#1253=VERTEX_POINT('',#4077);
#1254=VERTEX_POINT('',#4078);
#1255=VERTEX_POINT('',#4080);
#1256=VERTEX_POINT('',#4082);
#1257=VERTEX_POINT('',#4084);
#1258=VERTEX_POINT('',#4086);
#1259=VERTEX_POINT('',#4088);
#1260=VERTEX_POINT('',#4090);
#1261=VERTEX_POINT('',#4092);
#1262=VERTEX_POINT('',#4094);
#1263=VERTEX_POINT('',#4096);
#1264=VERTEX_POINT('',#4098);
#1265=VERTEX_POINT('',#4100);
#1266=VERTEX_POINT('',#4102);
#1267=VERTEX_POINT('',#4104);
#1268=VERTEX_POINT('',#4106);
#1269=VERTEX_POINT('',#4109);
#1270=VERTEX_POINT('',#4111);
#1271=VERTEX_POINT('',#4113);
#1272=VERTEX_POINT('',#4116);
#1273=VERTEX_POINT('',#4118);
#1274=VERTEX_POINT('',#4122);
#1275=VERTEX_POINT('',#4124);
#1276=VERTEX_POINT('',#4129);
#1277=VERTEX_POINT('',#4133);
#1278=VERTEX_POINT('',#4135);
#1279=VERTEX_POINT('',#4137);
#1280=VERTEX_POINT('',#4139);
#1281=VERTEX_POINT('',#4146);
#1282=VERTEX_POINT('',#4153);
#1283=VERTEX_POINT('',#4155);
#1284=VERTEX_POINT('',#4158);
#1285=VERTEX_POINT('',#4160);
#1286=VERTEX_POINT('',#4163);
#1287=VERTEX_POINT('',#4165);
#1288=VERTEX_POINT('',#4168);
#1289=VERTEX_POINT('',#4170);
#1290=VERTEX_POINT('',#4174);
#1291=VERTEX_POINT('',#4178);
#1292=VERTEX_POINT('',#4180);
#1293=VERTEX_POINT('',#4184);
#1294=VERTEX_POINT('',#4188);
#1295=VERTEX_POINT('',#4194);
#1296=VERTEX_POINT('',#4198);
#1297=VERTEX_POINT('',#4202);
#1298=VERTEX_POINT('',#4209);
#1299=VERTEX_POINT('',#4213);
#1300=VERTEX_POINT('',#4215);
#1301=VERTEX_POINT('',#4219);
#1302=VERTEX_POINT('',#4223);
#1303=VERTEX_POINT('',#4229);
#1304=VERTEX_POINT('',#4233);
#1305=VERTEX_POINT('',#4237);
#1306=VERTEX_POINT('',#4244);
#1307=VERTEX_POINT('',#4248);
#1308=VERTEX_POINT('',#4252);
#1309=VERTEX_POINT('',#4259);
#1310=VERTEX_POINT('',#4263);
#1311=VERTEX_POINT('',#4265);
#1312=VERTEX_POINT('',#4269);
#1313=VERTEX_POINT('',#4273);
#1314=VERTEX_POINT('',#4279);
#1315=VERTEX_POINT('',#4281);
#1316=EDGE_CURVE('',#1076,#1077,#444,.T.);
#1317=EDGE_CURVE('',#1078,#1076,#445,.T.);
#1318=EDGE_CURVE('',#1078,#1079,#446,.T.);
#1319=EDGE_CURVE('',#1080,#1079,#447,.T.);
#1320=EDGE_CURVE('',#1081,#1080,#448,.T.);
#1321=EDGE_CURVE('',#1077,#1081,#449,.T.);
#1322=EDGE_CURVE('',#1080,#1082,#450,.T.);
#1323=EDGE_CURVE('',#1082,#1083,#451,.T.);
#1324=EDGE_CURVE('',#1083,#1084,#452,.T.);
#1325=EDGE_CURVE('',#1084,#1085,#453,.T.);
#1326=EDGE_CURVE('',#1085,#1086,#454,.T.);
#1327=EDGE_CURVE('',#1086,#1087,#455,.T.);
#1328=EDGE_CURVE('',#1087,#1081,#456,.T.);
#1329=EDGE_CURVE('',#1088,#1088,#102,.T.);
#1330=EDGE_CURVE('',#1079,#1089,#457,.T.);
#1331=EDGE_CURVE('',#1089,#1090,#458,.T.);
#1332=EDGE_CURVE('',#1091,#1090,#459,.T.);
#1333=EDGE_CURVE('',#1092,#1091,#460,.T.);
#1334=EDGE_CURVE('',#1092,#1093,#461,.T.);
#1335=EDGE_CURVE('',#1093,#1082,#462,.T.);
#1336=EDGE_CURVE('',#1094,#1095,#463,.T.);
#1337=EDGE_CURVE('',#1094,#1096,#464,.T.);
#1338=EDGE_CURVE('',#1097,#1096,#465,.T.);
#1339=EDGE_CURVE('',#1097,#1095,#466,.T.);
#1340=EDGE_CURVE('',#1098,#1099,#467,.T.);
#1341=EDGE_CURVE('',#1099,#1100,#468,.T.);
#1342=EDGE_CURVE('',#1101,#1100,#469,.T.);
#1343=EDGE_CURVE('',#1098,#1101,#470,.T.);
#1344=EDGE_CURVE('',#1102,#1076,#471,.T.);
#1345=EDGE_CURVE('',#1103,#1102,#472,.T.);
#1346=EDGE_CURVE('',#1103,#1078,#473,.T.);
#1347=EDGE_CURVE('',#1104,#1098,#474,.T.);
#1348=EDGE_CURVE('',#1105,#1101,#475,.T.);
#1349=EDGE_CURVE('',#1104,#1105,#476,.T.);
#1350=EDGE_CURVE('',#1106,#1077,#477,.T.);
#1351=EDGE_CURVE('',#1106,#1102,#478,.T.);
#1352=EDGE_CURVE('',#1090,#1097,#479,.T.);
#1353=EDGE_CURVE('',#1096,#1107,#480,.T.);
#1354=EDGE_CURVE('',#1107,#1108,#481,.T.);
#1355=EDGE_CURVE('',#1108,#1109,#482,.T.);
#1356=EDGE_CURVE('',#1109,#1110,#483,.T.);
#1357=EDGE_CURVE('',#1110,#1111,#484,.T.);
#1358=EDGE_CURVE('',#1111,#1112,#485,.T.);
#1359=EDGE_CURVE('',#1112,#1091,#486,.T.);
#1360=EDGE_CURVE('',#1113,#1113,#103,.T.);
#1361=EDGE_CURVE('',#1114,#1115,#104,.T.);
#1362=EDGE_CURVE('',#1115,#1116,#487,.T.);
#1363=EDGE_CURVE('',#1116,#1117,#105,.T.);
#1364=EDGE_CURVE('',#1117,#1114,#488,.T.);
#1365=EDGE_CURVE('',#1115,#1118,#489,.T.);
#1366=EDGE_CURVE('',#1118,#1119,#490,.T.);
#1367=EDGE_CURVE('',#1119,#1116,#491,.T.);
#1368=EDGE_CURVE('',#1120,#1120,#106,.T.);
#1369=EDGE_CURVE('',#1121,#1122,#107,.T.);
#1370=EDGE_CURVE('',#1122,#1123,#492,.T.);
#1371=EDGE_CURVE('',#1123,#1124,#108,.T.);
#1372=EDGE_CURVE('',#1124,#1121,#493,.T.);
#1373=EDGE_CURVE('',#1122,#1125,#494,.T.);
#1374=EDGE_CURVE('',#1125,#1126,#495,.T.);
#1375=EDGE_CURVE('',#1126,#1123,#496,.T.);
#1376=EDGE_CURVE('',#1127,#1127,#109,.T.);
#1377=EDGE_CURVE('',#1127,#1113,#497,.T.);
#1378=EDGE_CURVE('',#1124,#1109,#498,.T.);
#1379=EDGE_CURVE('',#1110,#1126,#499,.T.);
#1380=EDGE_CURVE('',#1111,#1125,#500,.T.);
#1381=EDGE_CURVE('',#1112,#1121,#501,.T.);
#1382=EDGE_CURVE('',#1120,#1088,#502,.T.);
#1383=EDGE_CURVE('',#1117,#1083,#503,.T.);
#1384=EDGE_CURVE('',#1084,#1119,#504,.T.);
#1385=EDGE_CURVE('',#1085,#1118,#505,.T.);
#1386=EDGE_CURVE('',#1086,#1114,#506,.T.);
#1387=EDGE_CURVE('',#1128,#1108,#507,.T.);
#1388=EDGE_CURVE('',#1128,#1129,#508,.T.);
#1389=EDGE_CURVE('',#1129,#1130,#509,.T.);
#1390=EDGE_CURVE('',#1130,#1131,#510,.T.);
#1391=EDGE_CURVE('',#1132,#1131,#511,.T.);
#1392=EDGE_CURVE('',#1132,#1133,#512,.T.);
#1393=EDGE_CURVE('',#1133,#1134,#513,.T.);
#1394=EDGE_CURVE('',#1134,#1135,#514,.T.);
#1395=EDGE_CURVE('',#1136,#1135,#515,.T.);
#1396=EDGE_CURVE('',#1136,#1137,#516,.T.);
#1397=EDGE_CURVE('',#1137,#1138,#517,.T.);
#1398=EDGE_CURVE('',#1138,#1139,#518,.T.);
#1399=EDGE_CURVE('',#1140,#1139,#519,.T.);
#1400=EDGE_CURVE('',#1140,#1141,#520,.T.);
#1401=EDGE_CURVE('',#1141,#1142,#521,.T.);
#1402=EDGE_CURVE('',#1142,#1143,#522,.T.);
#1403=EDGE_CURVE('',#1144,#1143,#523,.T.);
#1404=EDGE_CURVE('',#1144,#1092,#524,.T.);
#1405=EDGE_CURVE('',#1093,#1145,#525,.T.);
#1406=EDGE_CURVE('',#1146,#1145,#526,.T.);
#1407=EDGE_CURVE('',#1147,#1146,#527,.T.);
#1408=EDGE_CURVE('',#1147,#1148,#528,.T.);
#1409=EDGE_CURVE('',#1148,#1149,#529,.T.);
#1410=EDGE_CURVE('',#1150,#1149,#530,.T.);
#1411=EDGE_CURVE('',#1150,#1151,#531,.T.);
#1412=EDGE_CURVE('',#1151,#1152,#532,.T.);
#1413=EDGE_CURVE('',#1152,#1153,#533,.T.);
#1414=EDGE_CURVE('',#1154,#1153,#534,.T.);
#1415=EDGE_CURVE('',#1154,#1155,#535,.T.);
#1416=EDGE_CURVE('',#1155,#1156,#536,.T.);
#1417=EDGE_CURVE('',#1156,#1157,#537,.T.);
#1418=EDGE_CURVE('',#1158,#1157,#538,.T.);
#1419=EDGE_CURVE('',#1158,#1159,#539,.T.);
#1420=EDGE_CURVE('',#1159,#1160,#540,.T.);
#1421=EDGE_CURVE('',#1160,#1161,#541,.T.);
#1422=EDGE_CURVE('',#1087,#1161,#542,.T.);
#1423=EDGE_CURVE('',#1094,#1162,#543,.T.);
#1424=EDGE_CURVE('',#1162,#1107,#544,.T.);
#1425=EDGE_CURVE('',#1095,#1163,#545,.T.);
#1426=EDGE_CURVE('',#1162,#1163,#546,.T.);
#1427=EDGE_CURVE('',#1164,#1164,#110,.T.);
#1428=EDGE_CURVE('',#1164,#1165,#547,.T.);
#1429=EDGE_CURVE('',#1165,#1165,#111,.T.);
#1430=EDGE_CURVE('',#1166,#1166,#112,.T.);
#1431=EDGE_CURVE('',#1166,#1167,#548,.T.);
#1432=EDGE_CURVE('',#1167,#1167,#113,.T.);
#1433=EDGE_CURVE('',#1168,#1169,#549,.T.);
#1434=EDGE_CURVE('',#1169,#1103,#550,.T.);
#1435=EDGE_CURVE('',#1170,#1106,#551,.T.);
#1436=EDGE_CURVE('',#1170,#1171,#552,.T.);
#1437=EDGE_CURVE('',#1171,#1168,#553,.T.);
#1438=EDGE_CURVE('',#1172,#1169,#554,.T.);
#1439=EDGE_CURVE('',#1100,#1172,#555,.T.);
#1440=EDGE_CURVE('',#1089,#1099,#556,.T.);
#1441=EDGE_CURVE('',#1172,#1173,#557,.T.);
#1442=EDGE_CURVE('',#1173,#1174,#558,.T.);
#1443=EDGE_CURVE('',#1175,#1174,#559,.T.);
#1444=EDGE_CURVE('',#1176,#1175,#560,.T.);
#1445=EDGE_CURVE('',#1176,#1177,#561,.T.);
#1446=EDGE_CURVE('',#1178,#1177,#562,.T.);
#1447=EDGE_CURVE('',#1179,#1178,#563,.T.);
#1448=EDGE_CURVE('',#1105,#1179,#564,.T.);
#1449=EDGE_CURVE('',#1142,#1147,#565,.T.);
#1450=EDGE_CURVE('',#1143,#1146,#566,.T.);
#1451=EDGE_CURVE('',#1177,#1168,#567,.T.);
#1452=EDGE_CURVE('',#1176,#1180,#568,.T.);
#1453=EDGE_CURVE('',#1180,#1181,#569,.T.);
#1454=EDGE_CURVE('',#1181,#1173,#570,.T.);
#1455=EDGE_CURVE('',#1182,#1182,#114,.T.);
#1456=EDGE_CURVE('',#1183,#1183,#115,.T.);
#1457=EDGE_CURVE('',#1184,#1184,#116,.T.);
#1458=EDGE_CURVE('',#1185,#1185,#117,.T.);
#1459=EDGE_CURVE('',#1186,#1186,#118,.T.);
#1460=EDGE_CURVE('',#1187,#1175,#571,.T.);
#1461=EDGE_CURVE('',#1180,#1187,#572,.T.);
#1462=EDGE_CURVE('',#1181,#1188,#573,.T.);
#1463=EDGE_CURVE('',#1174,#1188,#574,.T.);
#1464=EDGE_CURVE('',#1188,#1187,#575,.T.);
#1465=EDGE_CURVE('',#1186,#1189,#576,.T.);
#1466=EDGE_CURVE('',#1189,#1189,#119,.T.);
#1467=EDGE_CURVE('',#1185,#1190,#577,.T.);
#1468=EDGE_CURVE('',#1190,#1190,#120,.T.);
#1469=EDGE_CURVE('',#1191,#1191,#121,.T.);
#1470=EDGE_CURVE('',#1191,#1183,#578,.T.);
#1471=EDGE_CURVE('',#1192,#1192,#122,.T.);
#1472=EDGE_CURVE('',#1192,#1182,#579,.T.);
#1473=EDGE_CURVE('',#1193,#1193,#123,.T.);
#1474=EDGE_CURVE('',#1193,#1184,#580,.T.);
#1475=EDGE_CURVE('',#1161,#1194,#581,.T.);
#1476=EDGE_CURVE('',#1194,#1195,#582,.T.);
#1477=EDGE_CURVE('',#1195,#1158,#583,.T.);
#1478=EDGE_CURVE('',#1157,#1196,#584,.T.);
#1479=EDGE_CURVE('',#1196,#1197,#585,.T.);
#1480=EDGE_CURVE('',#1197,#1154,#586,.T.);
#1481=EDGE_CURVE('',#1153,#1198,#587,.T.);
#1482=EDGE_CURVE('',#1198,#1199,#588,.T.);
#1483=EDGE_CURVE('',#1199,#1150,#589,.T.);
#1484=EDGE_CURVE('',#1149,#1170,#590,.T.);
#1485=EDGE_CURVE('',#1200,#1200,#124,.T.);
#1486=EDGE_CURVE('',#1201,#1201,#125,.T.);
#1487=EDGE_CURVE('',#1202,#1202,#126,.T.);
#1488=EDGE_CURVE('',#1163,#1104,#591,.T.);
#1489=EDGE_CURVE('',#1179,#1140,#592,.T.);
#1490=EDGE_CURVE('',#1139,#1203,#593,.T.);
#1491=EDGE_CURVE('',#1203,#1204,#594,.T.);
#1492=EDGE_CURVE('',#1204,#1136,#595,.T.);
#1493=EDGE_CURVE('',#1135,#1205,#596,.T.);
#1494=EDGE_CURVE('',#1205,#1206,#597,.T.);
#1495=EDGE_CURVE('',#1206,#1132,#598,.T.);
#1496=EDGE_CURVE('',#1131,#1207,#599,.T.);
#1497=EDGE_CURVE('',#1207,#1208,#600,.T.);
#1498=EDGE_CURVE('',#1208,#1128,#601,.T.);
#1499=EDGE_CURVE('',#1209,#1209,#127,.T.);
#1500=EDGE_CURVE('',#1210,#1210,#128,.T.);
#1501=EDGE_CURVE('',#1211,#1211,#129,.T.);
#1502=EDGE_CURVE('',#1171,#1178,#602,.T.);
#1503=EDGE_CURVE('',#1178,#1141,#603,.T.);
#1504=EDGE_CURVE('',#1148,#1171,#604,.T.);
#1505=EDGE_CURVE('',#1137,#1212,#605,.T.);
#1506=EDGE_CURVE('',#1212,#1213,#606,.T.);
#1507=EDGE_CURVE('',#1213,#1138,#607,.T.);
#1508=EDGE_CURVE('',#1214,#1214,#130,.T.);
#1509=EDGE_CURVE('',#1204,#1212,#608,.T.);
#1510=EDGE_CURVE('',#1203,#1213,#609,.T.);
#1511=EDGE_CURVE('',#1214,#1211,#610,.T.);
#1512=EDGE_CURVE('',#1151,#1215,#611,.T.);
#1513=EDGE_CURVE('',#1215,#1216,#612,.T.);
#1514=EDGE_CURVE('',#1216,#1152,#613,.T.);
#1515=EDGE_CURVE('',#1217,#1217,#131,.T.);
#1516=EDGE_CURVE('',#1199,#1215,#614,.T.);
#1517=EDGE_CURVE('',#1198,#1216,#615,.T.);
#1518=EDGE_CURVE('',#1217,#1202,#616,.T.);
#1519=EDGE_CURVE('',#1159,#1218,#617,.T.);
#1520=EDGE_CURVE('',#1218,#1219,#618,.T.);
#1521=EDGE_CURVE('',#1219,#1160,#619,.T.);
#1522=EDGE_CURVE('',#1220,#1220,#132,.T.);
#1523=EDGE_CURVE('',#1195,#1218,#620,.T.);
#1524=EDGE_CURVE('',#1194,#1219,#621,.T.);
#1525=EDGE_CURVE('',#1220,#1201,#622,.T.);
#1526=EDGE_CURVE('',#1133,#1221,#623,.T.);
#1527=EDGE_CURVE('',#1221,#1222,#624,.T.);
#1528=EDGE_CURVE('',#1222,#1134,#625,.T.);
#1529=EDGE_CURVE('',#1223,#1223,#133,.T.);
#1530=EDGE_CURVE('',#1206,#1221,#626,.T.);
#1531=EDGE_CURVE('',#1205,#1222,#627,.T.);
#1532=EDGE_CURVE('',#1223,#1210,#628,.T.);
#1533=EDGE_CURVE('',#1129,#1224,#629,.T.);
#1534=EDGE_CURVE('',#1224,#1225,#630,.T.);
#1535=EDGE_CURVE('',#1225,#1130,#631,.T.);
#1536=EDGE_CURVE('',#1226,#1226,#134,.T.);
#1537=EDGE_CURVE('',#1208,#1224,#632,.T.);
#1538=EDGE_CURVE('',#1207,#1225,#633,.T.);
#1539=EDGE_CURVE('',#1226,#1209,#634,.T.);
#1540=EDGE_CURVE('',#1155,#1227,#635,.T.);
#1541=EDGE_CURVE('',#1227,#1228,#636,.T.);
#1542=EDGE_CURVE('',#1228,#1156,#637,.T.);
#1543=EDGE_CURVE('',#1229,#1229,#135,.T.);
#1544=EDGE_CURVE('',#1197,#1227,#638,.T.);
#1545=EDGE_CURVE('',#1196,#1228,#639,.T.);
#1546=EDGE_CURVE('',#1229,#1200,#640,.T.);
#1547=EDGE_CURVE('',#1145,#1144,#641,.T.);
#1548=EDGE_CURVE('',#1230,#1231,#642,.T.);
#1549=EDGE_CURVE('',#1232,#1230,#643,.T.);
#1550=EDGE_CURVE('',#1233,#1232,#644,.T.);
#1551=EDGE_CURVE('',#1231,#1233,#645,.T.);
#1552=EDGE_CURVE('',#1234,#1235,#646,.T.);
#1553=EDGE_CURVE('',#1235,#1236,#647,.T.);
#1554=EDGE_CURVE('',#1236,#1237,#648,.T.);
#1555=EDGE_CURVE('',#1237,#1238,#649,.T.);
#1556=EDGE_CURVE('',#1238,#1239,#650,.T.);
#1557=EDGE_CURVE('',#1239,#1240,#651,.T.);
#1558=EDGE_CURVE('',#1240,#1241,#652,.T.);
#1559=EDGE_CURVE('',#1241,#1242,#653,.T.);
#1560=EDGE_CURVE('',#1242,#1243,#654,.T.);
#1561=EDGE_CURVE('',#1243,#1244,#655,.T.);
#1562=EDGE_CURVE('',#1244,#1245,#656,.T.);
#1563=EDGE_CURVE('',#1245,#1246,#657,.T.);
#1564=EDGE_CURVE('',#1246,#1247,#658,.T.);
#1565=EDGE_CURVE('',#1247,#1248,#659,.T.);
#1566=EDGE_CURVE('',#1248,#1249,#660,.T.);
#1567=EDGE_CURVE('',#1249,#1234,#661,.T.);
#1568=EDGE_CURVE('',#1250,#1250,#136,.T.);
#1569=EDGE_CURVE('',#1251,#1251,#137,.T.);
#1570=EDGE_CURVE('',#1252,#1252,#138,.T.);
#1571=EDGE_CURVE('',#1253,#1254,#662,.T.);
#1572=EDGE_CURVE('',#1254,#1255,#663,.T.);
#1573=EDGE_CURVE('',#1255,#1256,#664,.T.);
#1574=EDGE_CURVE('',#1256,#1257,#665,.T.);
#1575=EDGE_CURVE('',#1257,#1258,#666,.T.);
#1576=EDGE_CURVE('',#1258,#1259,#667,.T.);
#1577=EDGE_CURVE('',#1259,#1260,#668,.T.);
#1578=EDGE_CURVE('',#1260,#1261,#669,.T.);
#1579=EDGE_CURVE('',#1261,#1262,#670,.T.);
#1580=EDGE_CURVE('',#1262,#1263,#671,.T.);
#1581=EDGE_CURVE('',#1263,#1264,#672,.T.);
#1582=EDGE_CURVE('',#1264,#1265,#673,.T.);
#1583=EDGE_CURVE('',#1265,#1266,#674,.T.);
#1584=EDGE_CURVE('',#1266,#1267,#675,.T.);
#1585=EDGE_CURVE('',#1267,#1268,#676,.T.);
#1586=EDGE_CURVE('',#1268,#1253,#677,.T.);
#1587=EDGE_CURVE('',#1269,#1269,#139,.T.);
#1588=EDGE_CURVE('',#1270,#1270,#140,.T.);
#1589=EDGE_CURVE('',#1271,#1271,#141,.T.);
#1590=EDGE_CURVE('',#1235,#1272,#678,.T.);
#1591=EDGE_CURVE('',#1272,#1273,#679,.T.);
#1592=EDGE_CURVE('',#1236,#1273,#680,.T.);
#1593=EDGE_CURVE('',#1231,#1274,#681,.T.);
#1594=EDGE_CURVE('',#1274,#1275,#682,.T.);
#1595=EDGE_CURVE('',#1272,#1275,#683,.T.);
#1596=EDGE_CURVE('',#1230,#1234,#684,.T.);
#1597=EDGE_CURVE('',#1233,#1276,#685,.T.);
#1598=EDGE_CURVE('',#1276,#1274,#686,.T.);
#1599=EDGE_CURVE('',#1277,#1272,#687,.T.);
#1600=EDGE_CURVE('',#1278,#1277,#688,.T.);
#1601=EDGE_CURVE('',#1279,#1278,#689,.T.);
#1602=EDGE_CURVE('',#1280,#1279,#690,.T.);
#1603=EDGE_CURVE('',#1273,#1280,#691,.T.);
#1604=EDGE_CURVE('',#1253,#1277,#692,.T.);
#1605=EDGE_CURVE('',#1278,#1268,#693,.T.);
#1606=EDGE_CURVE('',#1277,#1281,#694,.T.);
#1607=EDGE_CURVE('',#1281,#1276,#695,.T.);
#1608=EDGE_CURVE('',#1254,#1232,#696,.T.);
#1609=EDGE_CURVE('',#1275,#1281,#697,.T.);
#1610=EDGE_CURVE('',#1280,#1282,#698,.T.);
#1611=EDGE_CURVE('',#1283,#1282,#699,.T.);
#1612=EDGE_CURVE('',#1249,#1283,#700,.T.);
#1613=EDGE_CURVE('',#1248,#1284,#701,.T.);
#1614=EDGE_CURVE('',#1284,#1285,#702,.T.);
#1615=EDGE_CURVE('',#1285,#1245,#703,.T.);
#1616=EDGE_CURVE('',#1244,#1286,#704,.T.);
#1617=EDGE_CURVE('',#1286,#1287,#705,.T.);
#1618=EDGE_CURVE('',#1287,#1241,#706,.T.);
#1619=EDGE_CURVE('',#1240,#1288,#707,.T.);
#1620=EDGE_CURVE('',#1288,#1289,#708,.T.);
#1621=EDGE_CURVE('',#1289,#1237,#709,.T.);
#1622=EDGE_CURVE('',#1290,#1290,#142,.T.);
#1623=EDGE_CURVE('',#1290,#1269,#710,.T.);
#1624=EDGE_CURVE('',#1291,#1256,#711,.T.);
#1625=EDGE_CURVE('',#1292,#1291,#712,.T.);
#1626=EDGE_CURVE('',#1257,#1292,#713,.T.);
#1627=EDGE_CURVE('',#1293,#1292,#714,.T.);
#1628=EDGE_CURVE('',#1258,#1293,#715,.T.);
#1629=EDGE_CURVE('',#1294,#1293,#716,.T.);
#1630=EDGE_CURVE('',#1259,#1294,#717,.T.);
#1631=EDGE_CURVE('',#1294,#1291,#718,.T.);
#1632=EDGE_CURVE('',#1295,#1295,#143,.T.);
#1633=EDGE_CURVE('',#1295,#1252,#719,.T.);
#1634=EDGE_CURVE('',#1296,#1285,#720,.T.);
#1635=EDGE_CURVE('',#1246,#1296,#721,.T.);
#1636=EDGE_CURVE('',#1297,#1296,#722,.T.);
#1637=EDGE_CURVE('',#1247,#1297,#723,.T.);
#1638=EDGE_CURVE('',#1284,#1297,#724,.T.);
#1639=EDGE_CURVE('',#1298,#1298,#144,.T.);
#1640=EDGE_CURVE('',#1298,#1270,#725,.T.);
#1641=EDGE_CURVE('',#1299,#1260,#726,.T.);
#1642=EDGE_CURVE('',#1300,#1299,#727,.T.);
#1643=EDGE_CURVE('',#1261,#1300,#728,.T.);
#1644=EDGE_CURVE('',#1301,#1300,#729,.T.);
#1645=EDGE_CURVE('',#1262,#1301,#730,.T.);
#1646=EDGE_CURVE('',#1302,#1301,#731,.T.);
#1647=EDGE_CURVE('',#1263,#1302,#732,.T.);
#1648=EDGE_CURVE('',#1302,#1299,#733,.T.);
#1649=EDGE_CURVE('',#1303,#1303,#145,.T.);
#1650=EDGE_CURVE('',#1303,#1251,#734,.T.);
#1651=EDGE_CURVE('',#1304,#1289,#735,.T.);
#1652=EDGE_CURVE('',#1238,#1304,#736,.T.);
#1653=EDGE_CURVE('',#1305,#1304,#737,.T.);
#1654=EDGE_CURVE('',#1239,#1305,#738,.T.);
#1655=EDGE_CURVE('',#1288,#1305,#739,.T.);
#1656=EDGE_CURVE('',#1306,#1306,#146,.T.);
#1657=EDGE_CURVE('',#1306,#1250,#740,.T.);
#1658=EDGE_CURVE('',#1307,#1287,#741,.T.);
#1659=EDGE_CURVE('',#1242,#1307,#742,.T.);
#1660=EDGE_CURVE('',#1308,#1307,#743,.T.);
#1661=EDGE_CURVE('',#1243,#1308,#744,.T.);
#1662=EDGE_CURVE('',#1286,#1308,#745,.T.);
#1663=EDGE_CURVE('',#1309,#1309,#147,.T.);
#1664=EDGE_CURVE('',#1309,#1271,#746,.T.);
#1665=EDGE_CURVE('',#1310,#1264,#747,.T.);
#1666=EDGE_CURVE('',#1311,#1310,#748,.T.);
#1667=EDGE_CURVE('',#1265,#1311,#749,.T.);
#1668=EDGE_CURVE('',#1312,#1311,#750,.T.);
#1669=EDGE_CURVE('',#1266,#1312,#751,.T.);
#1670=EDGE_CURVE('',#1313,#1312,#752,.T.);
#1671=EDGE_CURVE('',#1267,#1313,#753,.T.);
#1672=EDGE_CURVE('',#1313,#1310,#754,.T.);
#1673=EDGE_CURVE('',#1255,#1314,#755,.T.);
#1674=EDGE_CURVE('',#1315,#1314,#756,.T.);
#1675=EDGE_CURVE('',#1279,#1315,#757,.T.);
#1676=EDGE_CURVE('',#1314,#1283,#758,.T.);
#1677=EDGE_CURVE('',#1282,#1315,#759,.T.);
#1678=ORIENTED_EDGE('',*,*,#1316,.F.);
#1679=ORIENTED_EDGE('',*,*,#1317,.F.);
#1680=ORIENTED_EDGE('',*,*,#1318,.T.);
#1681=ORIENTED_EDGE('',*,*,#1319,.F.);
#1682=ORIENTED_EDGE('',*,*,#1320,.F.);
#1683=ORIENTED_EDGE('',*,*,#1321,.F.);
#1684=ORIENTED_EDGE('',*,*,#1320,.T.);
#1685=ORIENTED_EDGE('',*,*,#1322,.T.);
#1686=ORIENTED_EDGE('',*,*,#1323,.T.);
#1687=ORIENTED_EDGE('',*,*,#1324,.T.);
#1688=ORIENTED_EDGE('',*,*,#1325,.T.);
#1689=ORIENTED_EDGE('',*,*,#1326,.T.);
#1690=ORIENTED_EDGE('',*,*,#1327,.T.);
#1691=ORIENTED_EDGE('',*,*,#1328,.T.);
#1692=ORIENTED_EDGE('',*,*,#1329,.T.);
#1693=ORIENTED_EDGE('',*,*,#1319,.T.);
#1694=ORIENTED_EDGE('',*,*,#1330,.T.);
#1695=ORIENTED_EDGE('',*,*,#1331,.T.);
#1696=ORIENTED_EDGE('',*,*,#1332,.F.);
#1697=ORIENTED_EDGE('',*,*,#1333,.F.);
#1698=ORIENTED_EDGE('',*,*,#1334,.T.);
#1699=ORIENTED_EDGE('',*,*,#1335,.T.);
#1700=ORIENTED_EDGE('',*,*,#1322,.F.);
#1701=ORIENTED_EDGE('',*,*,#1336,.F.);
#1702=ORIENTED_EDGE('',*,*,#1337,.T.);
#1703=ORIENTED_EDGE('',*,*,#1338,.F.);
#1704=ORIENTED_EDGE('',*,*,#1339,.T.);
#1705=ORIENTED_EDGE('',*,*,#1340,.T.);
#1706=ORIENTED_EDGE('',*,*,#1341,.T.);
#1707=ORIENTED_EDGE('',*,*,#1342,.F.);
#1708=ORIENTED_EDGE('',*,*,#1343,.F.);
#1709=ORIENTED_EDGE('',*,*,#1317,.T.);
#1710=ORIENTED_EDGE('',*,*,#1344,.F.);
#1711=ORIENTED_EDGE('',*,*,#1345,.F.);
#1712=ORIENTED_EDGE('',*,*,#1346,.T.);
#1713=ORIENTED_EDGE('',*,*,#1347,.T.);
#1714=ORIENTED_EDGE('',*,*,#1343,.T.);
#1715=ORIENTED_EDGE('',*,*,#1348,.F.);
#1716=ORIENTED_EDGE('',*,*,#1349,.F.);
#1717=ORIENTED_EDGE('',*,*,#1316,.T.);
#1718=ORIENTED_EDGE('',*,*,#1350,.F.);
#1719=ORIENTED_EDGE('',*,*,#1351,.T.);
#1720=ORIENTED_EDGE('',*,*,#1344,.T.);
#1721=ORIENTED_EDGE('',*,*,#1352,.T.);
#1722=ORIENTED_EDGE('',*,*,#1338,.T.);
#1723=ORIENTED_EDGE('',*,*,#1353,.T.);
#1724=ORIENTED_EDGE('',*,*,#1354,.T.);
#1725=ORIENTED_EDGE('',*,*,#1355,.T.);
#1726=ORIENTED_EDGE('',*,*,#1356,.T.);
#1727=ORIENTED_EDGE('',*,*,#1357,.T.);
#1728=ORIENTED_EDGE('',*,*,#1358,.T.);
#1729=ORIENTED_EDGE('',*,*,#1359,.T.);
#1730=ORIENTED_EDGE('',*,*,#1332,.T.);
#1731=ORIENTED_EDGE('',*,*,#1360,.T.);
#1732=ORIENTED_EDGE('',*,*,#1361,.T.);
#1733=ORIENTED_EDGE('',*,*,#1362,.T.);
#1734=ORIENTED_EDGE('',*,*,#1363,.T.);
#1735=ORIENTED_EDGE('',*,*,#1364,.T.);
#1736=ORIENTED_EDGE('',*,*,#1362,.F.);
#1737=ORIENTED_EDGE('',*,*,#1365,.T.);
#1738=ORIENTED_EDGE('',*,*,#1366,.T.);
#1739=ORIENTED_EDGE('',*,*,#1367,.T.);
#1740=ORIENTED_EDGE('',*,*,#1368,.T.);
#1741=ORIENTED_EDGE('',*,*,#1369,.T.);
#1742=ORIENTED_EDGE('',*,*,#1370,.T.);
#1743=ORIENTED_EDGE('',*,*,#1371,.T.);
#1744=ORIENTED_EDGE('',*,*,#1372,.T.);
#1745=ORIENTED_EDGE('',*,*,#1370,.F.);
#1746=ORIENTED_EDGE('',*,*,#1373,.T.);
#1747=ORIENTED_EDGE('',*,*,#1374,.T.);
#1748=ORIENTED_EDGE('',*,*,#1375,.T.);
#1749=ORIENTED_EDGE('',*,*,#1376,.T.);
#1750=ORIENTED_EDGE('',*,*,#1376,.F.);
#1751=ORIENTED_EDGE('',*,*,#1377,.T.);
#1752=ORIENTED_EDGE('',*,*,#1360,.F.);
#1753=ORIENTED_EDGE('',*,*,#1377,.F.);
#1754=ORIENTED_EDGE('',*,*,#1356,.F.);
#1755=ORIENTED_EDGE('',*,*,#1378,.F.);
#1756=ORIENTED_EDGE('',*,*,#1371,.F.);
#1757=ORIENTED_EDGE('',*,*,#1375,.F.);
#1758=ORIENTED_EDGE('',*,*,#1379,.F.);
#1759=ORIENTED_EDGE('',*,*,#1357,.F.);
#1760=ORIENTED_EDGE('',*,*,#1379,.T.);
#1761=ORIENTED_EDGE('',*,*,#1374,.F.);
#1762=ORIENTED_EDGE('',*,*,#1380,.F.);
#1763=ORIENTED_EDGE('',*,*,#1358,.F.);
#1764=ORIENTED_EDGE('',*,*,#1380,.T.);
#1765=ORIENTED_EDGE('',*,*,#1373,.F.);
#1766=ORIENTED_EDGE('',*,*,#1369,.F.);
#1767=ORIENTED_EDGE('',*,*,#1381,.F.);
#1768=ORIENTED_EDGE('',*,*,#1368,.F.);
#1769=ORIENTED_EDGE('',*,*,#1382,.T.);
#1770=ORIENTED_EDGE('',*,*,#1329,.F.);
#1771=ORIENTED_EDGE('',*,*,#1382,.F.);
#1772=ORIENTED_EDGE('',*,*,#1324,.F.);
#1773=ORIENTED_EDGE('',*,*,#1383,.F.);
#1774=ORIENTED_EDGE('',*,*,#1363,.F.);
#1775=ORIENTED_EDGE('',*,*,#1367,.F.);
#1776=ORIENTED_EDGE('',*,*,#1384,.F.);
#1777=ORIENTED_EDGE('',*,*,#1325,.F.);
#1778=ORIENTED_EDGE('',*,*,#1384,.T.);
#1779=ORIENTED_EDGE('',*,*,#1366,.F.);
#1780=ORIENTED_EDGE('',*,*,#1385,.F.);
#1781=ORIENTED_EDGE('',*,*,#1326,.F.);
#1782=ORIENTED_EDGE('',*,*,#1385,.T.);
#1783=ORIENTED_EDGE('',*,*,#1365,.F.);
#1784=ORIENTED_EDGE('',*,*,#1361,.F.);
#1785=ORIENTED_EDGE('',*,*,#1386,.F.);
#1786=ORIENTED_EDGE('',*,*,#1378,.T.);
#1787=ORIENTED_EDGE('',*,*,#1355,.F.);
#1788=ORIENTED_EDGE('',*,*,#1387,.F.);
#1789=ORIENTED_EDGE('',*,*,#1388,.T.);
#1790=ORIENTED_EDGE('',*,*,#1389,.T.);
#1791=ORIENTED_EDGE('',*,*,#1390,.T.);
#1792=ORIENTED_EDGE('',*,*,#1391,.F.);
#1793=ORIENTED_EDGE('',*,*,#1392,.T.);
#1794=ORIENTED_EDGE('',*,*,#1393,.T.);
#1795=ORIENTED_EDGE('',*,*,#1394,.T.);
#1796=ORIENTED_EDGE('',*,*,#1395,.F.);
#1797=ORIENTED_EDGE('',*,*,#1396,.T.);
#1798=ORIENTED_EDGE('',*,*,#1397,.T.);
#1799=ORIENTED_EDGE('',*,*,#1398,.T.);
#1800=ORIENTED_EDGE('',*,*,#1399,.F.);
#1801=ORIENTED_EDGE('',*,*,#1400,.T.);
#1802=ORIENTED_EDGE('',*,*,#1401,.T.);
#1803=ORIENTED_EDGE('',*,*,#1402,.T.);
#1804=ORIENTED_EDGE('',*,*,#1403,.F.);
#1805=ORIENTED_EDGE('',*,*,#1404,.T.);
#1806=ORIENTED_EDGE('',*,*,#1333,.T.);
#1807=ORIENTED_EDGE('',*,*,#1359,.F.);
#1808=ORIENTED_EDGE('',*,*,#1381,.T.);
#1809=ORIENTED_EDGE('',*,*,#1372,.F.);
#1810=ORIENTED_EDGE('',*,*,#1383,.T.);
#1811=ORIENTED_EDGE('',*,*,#1323,.F.);
#1812=ORIENTED_EDGE('',*,*,#1335,.F.);
#1813=ORIENTED_EDGE('',*,*,#1405,.T.);
#1814=ORIENTED_EDGE('',*,*,#1406,.F.);
#1815=ORIENTED_EDGE('',*,*,#1407,.F.);
#1816=ORIENTED_EDGE('',*,*,#1408,.T.);
#1817=ORIENTED_EDGE('',*,*,#1409,.T.);
#1818=ORIENTED_EDGE('',*,*,#1410,.F.);
#1819=ORIENTED_EDGE('',*,*,#1411,.T.);
#1820=ORIENTED_EDGE('',*,*,#1412,.T.);
#1821=ORIENTED_EDGE('',*,*,#1413,.T.);
#1822=ORIENTED_EDGE('',*,*,#1414,.F.);
#1823=ORIENTED_EDGE('',*,*,#1415,.T.);
#1824=ORIENTED_EDGE('',*,*,#1416,.T.);
#1825=ORIENTED_EDGE('',*,*,#1417,.T.);
#1826=ORIENTED_EDGE('',*,*,#1418,.F.);
#1827=ORIENTED_EDGE('',*,*,#1419,.T.);
#1828=ORIENTED_EDGE('',*,*,#1420,.T.);
#1829=ORIENTED_EDGE('',*,*,#1421,.T.);
#1830=ORIENTED_EDGE('',*,*,#1422,.F.);
#1831=ORIENTED_EDGE('',*,*,#1327,.F.);
#1832=ORIENTED_EDGE('',*,*,#1386,.T.);
#1833=ORIENTED_EDGE('',*,*,#1364,.F.);
#1834=ORIENTED_EDGE('',*,*,#1423,.T.);
#1835=ORIENTED_EDGE('',*,*,#1424,.T.);
#1836=ORIENTED_EDGE('',*,*,#1353,.F.);
#1837=ORIENTED_EDGE('',*,*,#1337,.F.);
#1838=ORIENTED_EDGE('',*,*,#1425,.T.);
#1839=ORIENTED_EDGE('',*,*,#1426,.F.);
#1840=ORIENTED_EDGE('',*,*,#1423,.F.);
#1841=ORIENTED_EDGE('',*,*,#1336,.T.);
#1842=ORIENTED_EDGE('',*,*,#1427,.F.);
#1843=ORIENTED_EDGE('',*,*,#1428,.T.);
#1844=ORIENTED_EDGE('',*,*,#1429,.F.);
#1845=ORIENTED_EDGE('',*,*,#1428,.F.);
#1846=ORIENTED_EDGE('',*,*,#1430,.F.);
#1847=ORIENTED_EDGE('',*,*,#1431,.T.);
#1848=ORIENTED_EDGE('',*,*,#1432,.F.);
#1849=ORIENTED_EDGE('',*,*,#1431,.F.);
#1850=ORIENTED_EDGE('',*,*,#1433,.T.);
#1851=ORIENTED_EDGE('',*,*,#1434,.T.);
#1852=ORIENTED_EDGE('',*,*,#1345,.T.);
#1853=ORIENTED_EDGE('',*,*,#1351,.F.);
#1854=ORIENTED_EDGE('',*,*,#1435,.F.);
#1855=ORIENTED_EDGE('',*,*,#1436,.T.);
#1856=ORIENTED_EDGE('',*,*,#1437,.T.);
#1857=ORIENTED_EDGE('',*,*,#1346,.F.);
#1858=ORIENTED_EDGE('',*,*,#1434,.F.);
#1859=ORIENTED_EDGE('',*,*,#1438,.F.);
#1860=ORIENTED_EDGE('',*,*,#1439,.F.);
#1861=ORIENTED_EDGE('',*,*,#1341,.F.);
#1862=ORIENTED_EDGE('',*,*,#1440,.F.);
#1863=ORIENTED_EDGE('',*,*,#1330,.F.);
#1864=ORIENTED_EDGE('',*,*,#1318,.F.);
#1865=ORIENTED_EDGE('',*,*,#1429,.T.);
#1866=ORIENTED_EDGE('',*,*,#1432,.T.);
#1867=ORIENTED_EDGE('',*,*,#1441,.T.);
#1868=ORIENTED_EDGE('',*,*,#1442,.T.);
#1869=ORIENTED_EDGE('',*,*,#1443,.F.);
#1870=ORIENTED_EDGE('',*,*,#1444,.F.);
#1871=ORIENTED_EDGE('',*,*,#1445,.T.);
#1872=ORIENTED_EDGE('',*,*,#1446,.F.);
#1873=ORIENTED_EDGE('',*,*,#1447,.F.);
#1874=ORIENTED_EDGE('',*,*,#1448,.F.);
#1875=ORIENTED_EDGE('',*,*,#1348,.T.);
#1876=ORIENTED_EDGE('',*,*,#1342,.T.);
#1877=ORIENTED_EDGE('',*,*,#1439,.T.);
#1878=ORIENTED_EDGE('',*,*,#1449,.T.);
#1879=ORIENTED_EDGE('',*,*,#1407,.T.);
#1880=ORIENTED_EDGE('',*,*,#1450,.F.);
#1881=ORIENTED_EDGE('',*,*,#1402,.F.);
#1882=ORIENTED_EDGE('',*,*,#1433,.F.);
#1883=ORIENTED_EDGE('',*,*,#1451,.F.);
#1884=ORIENTED_EDGE('',*,*,#1445,.F.);
#1885=ORIENTED_EDGE('',*,*,#1452,.T.);
#1886=ORIENTED_EDGE('',*,*,#1453,.T.);
#1887=ORIENTED_EDGE('',*,*,#1454,.T.);
#1888=ORIENTED_EDGE('',*,*,#1441,.F.);
#1889=ORIENTED_EDGE('',*,*,#1438,.T.);
#1890=ORIENTED_EDGE('',*,*,#1455,.T.);
#1891=ORIENTED_EDGE('',*,*,#1456,.T.);
#1892=ORIENTED_EDGE('',*,*,#1457,.T.);
#1893=ORIENTED_EDGE('',*,*,#1458,.T.);
#1894=ORIENTED_EDGE('',*,*,#1459,.T.);
#1895=ORIENTED_EDGE('',*,*,#1452,.F.);
#1896=ORIENTED_EDGE('',*,*,#1444,.T.);
#1897=ORIENTED_EDGE('',*,*,#1460,.F.);
#1898=ORIENTED_EDGE('',*,*,#1461,.F.);
#1899=ORIENTED_EDGE('',*,*,#1454,.F.);
#1900=ORIENTED_EDGE('',*,*,#1462,.T.);
#1901=ORIENTED_EDGE('',*,*,#1463,.F.);
#1902=ORIENTED_EDGE('',*,*,#1442,.F.);
#1903=ORIENTED_EDGE('',*,*,#1453,.F.);
#1904=ORIENTED_EDGE('',*,*,#1461,.T.);
#1905=ORIENTED_EDGE('',*,*,#1464,.F.);
#1906=ORIENTED_EDGE('',*,*,#1462,.F.);
#1907=ORIENTED_EDGE('',*,*,#1459,.F.);
#1908=ORIENTED_EDGE('',*,*,#1465,.T.);
#1909=ORIENTED_EDGE('',*,*,#1466,.F.);
#1910=ORIENTED_EDGE('',*,*,#1465,.F.);
#1911=ORIENTED_EDGE('',*,*,#1458,.F.);
#1912=ORIENTED_EDGE('',*,*,#1467,.T.);
#1913=ORIENTED_EDGE('',*,*,#1468,.F.);
#1914=ORIENTED_EDGE('',*,*,#1467,.F.);
#1915=ORIENTED_EDGE('',*,*,#1469,.T.);
#1916=ORIENTED_EDGE('',*,*,#1469,.F.);
#1917=ORIENTED_EDGE('',*,*,#1470,.T.);
#1918=ORIENTED_EDGE('',*,*,#1456,.F.);
#1919=ORIENTED_EDGE('',*,*,#1470,.F.);
#1920=ORIENTED_EDGE('',*,*,#1471,.T.);
#1921=ORIENTED_EDGE('',*,*,#1471,.F.);
#1922=ORIENTED_EDGE('',*,*,#1472,.T.);
#1923=ORIENTED_EDGE('',*,*,#1455,.F.);
#1924=ORIENTED_EDGE('',*,*,#1472,.F.);
#1925=ORIENTED_EDGE('',*,*,#1473,.T.);
#1926=ORIENTED_EDGE('',*,*,#1473,.F.);
#1927=ORIENTED_EDGE('',*,*,#1474,.T.);
#1928=ORIENTED_EDGE('',*,*,#1457,.F.);
#1929=ORIENTED_EDGE('',*,*,#1474,.F.);
#1930=ORIENTED_EDGE('',*,*,#1321,.T.);
#1931=ORIENTED_EDGE('',*,*,#1328,.F.);
#1932=ORIENTED_EDGE('',*,*,#1422,.T.);
#1933=ORIENTED_EDGE('',*,*,#1475,.T.);
#1934=ORIENTED_EDGE('',*,*,#1476,.T.);
#1935=ORIENTED_EDGE('',*,*,#1477,.T.);
#1936=ORIENTED_EDGE('',*,*,#1418,.T.);
#1937=ORIENTED_EDGE('',*,*,#1478,.T.);
#1938=ORIENTED_EDGE('',*,*,#1479,.T.);
#1939=ORIENTED_EDGE('',*,*,#1480,.T.);
#1940=ORIENTED_EDGE('',*,*,#1414,.T.);
#1941=ORIENTED_EDGE('',*,*,#1481,.T.);
#1942=ORIENTED_EDGE('',*,*,#1482,.T.);
#1943=ORIENTED_EDGE('',*,*,#1483,.T.);
#1944=ORIENTED_EDGE('',*,*,#1410,.T.);
#1945=ORIENTED_EDGE('',*,*,#1484,.T.);
#1946=ORIENTED_EDGE('',*,*,#1435,.T.);
#1947=ORIENTED_EDGE('',*,*,#1350,.T.);
#1948=ORIENTED_EDGE('',*,*,#1485,.T.);
#1949=ORIENTED_EDGE('',*,*,#1486,.T.);
#1950=ORIENTED_EDGE('',*,*,#1487,.T.);
#1951=ORIENTED_EDGE('',*,*,#1488,.T.);
#1952=ORIENTED_EDGE('',*,*,#1349,.T.);
#1953=ORIENTED_EDGE('',*,*,#1448,.T.);
#1954=ORIENTED_EDGE('',*,*,#1489,.T.);
#1955=ORIENTED_EDGE('',*,*,#1399,.T.);
#1956=ORIENTED_EDGE('',*,*,#1490,.T.);
#1957=ORIENTED_EDGE('',*,*,#1491,.T.);
#1958=ORIENTED_EDGE('',*,*,#1492,.T.);
#1959=ORIENTED_EDGE('',*,*,#1395,.T.);
#1960=ORIENTED_EDGE('',*,*,#1493,.T.);
#1961=ORIENTED_EDGE('',*,*,#1494,.T.);
#1962=ORIENTED_EDGE('',*,*,#1495,.T.);
#1963=ORIENTED_EDGE('',*,*,#1391,.T.);
#1964=ORIENTED_EDGE('',*,*,#1496,.T.);
#1965=ORIENTED_EDGE('',*,*,#1497,.T.);
#1966=ORIENTED_EDGE('',*,*,#1498,.T.);
#1967=ORIENTED_EDGE('',*,*,#1387,.T.);
#1968=ORIENTED_EDGE('',*,*,#1354,.F.);
#1969=ORIENTED_EDGE('',*,*,#1424,.F.);
#1970=ORIENTED_EDGE('',*,*,#1426,.T.);
#1971=ORIENTED_EDGE('',*,*,#1499,.T.);
#1972=ORIENTED_EDGE('',*,*,#1500,.T.);
#1973=ORIENTED_EDGE('',*,*,#1501,.T.);
#1974=ORIENTED_EDGE('',*,*,#1502,.T.);
#1975=ORIENTED_EDGE('',*,*,#1446,.T.);
#1976=ORIENTED_EDGE('',*,*,#1451,.T.);
#1977=ORIENTED_EDGE('',*,*,#1437,.F.);
#1978=ORIENTED_EDGE('',*,*,#1401,.F.);
#1979=ORIENTED_EDGE('',*,*,#1503,.F.);
#1980=ORIENTED_EDGE('',*,*,#1502,.F.);
#1981=ORIENTED_EDGE('',*,*,#1504,.F.);
#1982=ORIENTED_EDGE('',*,*,#1408,.F.);
#1983=ORIENTED_EDGE('',*,*,#1449,.F.);
#1984=ORIENTED_EDGE('',*,*,#1436,.F.);
#1985=ORIENTED_EDGE('',*,*,#1484,.F.);
#1986=ORIENTED_EDGE('',*,*,#1409,.F.);
#1987=ORIENTED_EDGE('',*,*,#1504,.T.);
#1988=ORIENTED_EDGE('',*,*,#1447,.T.);
#1989=ORIENTED_EDGE('',*,*,#1503,.T.);
#1990=ORIENTED_EDGE('',*,*,#1400,.F.);
#1991=ORIENTED_EDGE('',*,*,#1489,.F.);
#1992=ORIENTED_EDGE('',*,*,#1488,.F.);
#1993=ORIENTED_EDGE('',*,*,#1425,.F.);
#1994=ORIENTED_EDGE('',*,*,#1339,.F.);
#1995=ORIENTED_EDGE('',*,*,#1352,.F.);
#1996=ORIENTED_EDGE('',*,*,#1331,.F.);
#1997=ORIENTED_EDGE('',*,*,#1440,.T.);
#1998=ORIENTED_EDGE('',*,*,#1340,.F.);
#1999=ORIENTED_EDGE('',*,*,#1347,.F.);
#2000=ORIENTED_EDGE('',*,*,#1505,.T.);
#2001=ORIENTED_EDGE('',*,*,#1506,.T.);
#2002=ORIENTED_EDGE('',*,*,#1507,.T.);
#2003=ORIENTED_EDGE('',*,*,#1397,.F.);
#2004=ORIENTED_EDGE('',*,*,#1508,.T.);
#2005=ORIENTED_EDGE('',*,*,#1492,.F.);
#2006=ORIENTED_EDGE('',*,*,#1509,.T.);
#2007=ORIENTED_EDGE('',*,*,#1505,.F.);
#2008=ORIENTED_EDGE('',*,*,#1396,.F.);
#2009=ORIENTED_EDGE('',*,*,#1491,.F.);
#2010=ORIENTED_EDGE('',*,*,#1510,.T.);
#2011=ORIENTED_EDGE('',*,*,#1506,.F.);
#2012=ORIENTED_EDGE('',*,*,#1509,.F.);
#2013=ORIENTED_EDGE('',*,*,#1490,.F.);
#2014=ORIENTED_EDGE('',*,*,#1398,.F.);
#2015=ORIENTED_EDGE('',*,*,#1507,.F.);
#2016=ORIENTED_EDGE('',*,*,#1510,.F.);
#2017=ORIENTED_EDGE('',*,*,#1508,.F.);
#2018=ORIENTED_EDGE('',*,*,#1511,.T.);
#2019=ORIENTED_EDGE('',*,*,#1501,.F.);
#2020=ORIENTED_EDGE('',*,*,#1511,.F.);
#2021=ORIENTED_EDGE('',*,*,#1512,.T.);
#2022=ORIENTED_EDGE('',*,*,#1513,.T.);
#2023=ORIENTED_EDGE('',*,*,#1514,.T.);
#2024=ORIENTED_EDGE('',*,*,#1412,.F.);
#2025=ORIENTED_EDGE('',*,*,#1515,.T.);
#2026=ORIENTED_EDGE('',*,*,#1483,.F.);
#2027=ORIENTED_EDGE('',*,*,#1516,.T.);
#2028=ORIENTED_EDGE('',*,*,#1512,.F.);
#2029=ORIENTED_EDGE('',*,*,#1411,.F.);
#2030=ORIENTED_EDGE('',*,*,#1482,.F.);
#2031=ORIENTED_EDGE('',*,*,#1517,.T.);
#2032=ORIENTED_EDGE('',*,*,#1513,.F.);
#2033=ORIENTED_EDGE('',*,*,#1516,.F.);
#2034=ORIENTED_EDGE('',*,*,#1481,.F.);
#2035=ORIENTED_EDGE('',*,*,#1413,.F.);
#2036=ORIENTED_EDGE('',*,*,#1514,.F.);
#2037=ORIENTED_EDGE('',*,*,#1517,.F.);
#2038=ORIENTED_EDGE('',*,*,#1515,.F.);
#2039=ORIENTED_EDGE('',*,*,#1518,.T.);
#2040=ORIENTED_EDGE('',*,*,#1487,.F.);
#2041=ORIENTED_EDGE('',*,*,#1518,.F.);
#2042=ORIENTED_EDGE('',*,*,#1519,.T.);
#2043=ORIENTED_EDGE('',*,*,#1520,.T.);
#2044=ORIENTED_EDGE('',*,*,#1521,.T.);
#2045=ORIENTED_EDGE('',*,*,#1420,.F.);
#2046=ORIENTED_EDGE('',*,*,#1522,.T.);
#2047=ORIENTED_EDGE('',*,*,#1477,.F.);
#2048=ORIENTED_EDGE('',*,*,#1523,.T.);
#2049=ORIENTED_EDGE('',*,*,#1519,.F.);
#2050=ORIENTED_EDGE('',*,*,#1419,.F.);
#2051=ORIENTED_EDGE('',*,*,#1476,.F.);
#2052=ORIENTED_EDGE('',*,*,#1524,.T.);
#2053=ORIENTED_EDGE('',*,*,#1520,.F.);
#2054=ORIENTED_EDGE('',*,*,#1523,.F.);
#2055=ORIENTED_EDGE('',*,*,#1475,.F.);
#2056=ORIENTED_EDGE('',*,*,#1421,.F.);
#2057=ORIENTED_EDGE('',*,*,#1521,.F.);
#2058=ORIENTED_EDGE('',*,*,#1524,.F.);
#2059=ORIENTED_EDGE('',*,*,#1522,.F.);
#2060=ORIENTED_EDGE('',*,*,#1525,.T.);
#2061=ORIENTED_EDGE('',*,*,#1486,.F.);
#2062=ORIENTED_EDGE('',*,*,#1525,.F.);
#2063=ORIENTED_EDGE('',*,*,#1526,.T.);
#2064=ORIENTED_EDGE('',*,*,#1527,.T.);
#2065=ORIENTED_EDGE('',*,*,#1528,.T.);
#2066=ORIENTED_EDGE('',*,*,#1393,.F.);
#2067=ORIENTED_EDGE('',*,*,#1529,.T.);
#2068=ORIENTED_EDGE('',*,*,#1495,.F.);
#2069=ORIENTED_EDGE('',*,*,#1530,.T.);
#2070=ORIENTED_EDGE('',*,*,#1526,.F.);
#2071=ORIENTED_EDGE('',*,*,#1392,.F.);
#2072=ORIENTED_EDGE('',*,*,#1494,.F.);
#2073=ORIENTED_EDGE('',*,*,#1531,.T.);
#2074=ORIENTED_EDGE('',*,*,#1527,.F.);
#2075=ORIENTED_EDGE('',*,*,#1530,.F.);
#2076=ORIENTED_EDGE('',*,*,#1493,.F.);
#2077=ORIENTED_EDGE('',*,*,#1394,.F.);
#2078=ORIENTED_EDGE('',*,*,#1528,.F.);
#2079=ORIENTED_EDGE('',*,*,#1531,.F.);
#2080=ORIENTED_EDGE('',*,*,#1529,.F.);
#2081=ORIENTED_EDGE('',*,*,#1532,.T.);
#2082=ORIENTED_EDGE('',*,*,#1500,.F.);
#2083=ORIENTED_EDGE('',*,*,#1532,.F.);
#2084=ORIENTED_EDGE('',*,*,#1533,.T.);
#2085=ORIENTED_EDGE('',*,*,#1534,.T.);
#2086=ORIENTED_EDGE('',*,*,#1535,.T.);
#2087=ORIENTED_EDGE('',*,*,#1389,.F.);
#2088=ORIENTED_EDGE('',*,*,#1536,.T.);
#2089=ORIENTED_EDGE('',*,*,#1498,.F.);
#2090=ORIENTED_EDGE('',*,*,#1537,.T.);
#2091=ORIENTED_EDGE('',*,*,#1533,.F.);
#2092=ORIENTED_EDGE('',*,*,#1388,.F.);
#2093=ORIENTED_EDGE('',*,*,#1497,.F.);
#2094=ORIENTED_EDGE('',*,*,#1538,.T.);
#2095=ORIENTED_EDGE('',*,*,#1534,.F.);
#2096=ORIENTED_EDGE('',*,*,#1537,.F.);
#2097=ORIENTED_EDGE('',*,*,#1496,.F.);
#2098=ORIENTED_EDGE('',*,*,#1390,.F.);
#2099=ORIENTED_EDGE('',*,*,#1535,.F.);
#2100=ORIENTED_EDGE('',*,*,#1538,.F.);
#2101=ORIENTED_EDGE('',*,*,#1536,.F.);
#2102=ORIENTED_EDGE('',*,*,#1539,.T.);
#2103=ORIENTED_EDGE('',*,*,#1499,.F.);
#2104=ORIENTED_EDGE('',*,*,#1539,.F.);
#2105=ORIENTED_EDGE('',*,*,#1540,.T.);
#2106=ORIENTED_EDGE('',*,*,#1541,.T.);
#2107=ORIENTED_EDGE('',*,*,#1542,.T.);
#2108=ORIENTED_EDGE('',*,*,#1416,.F.);
#2109=ORIENTED_EDGE('',*,*,#1543,.T.);
#2110=ORIENTED_EDGE('',*,*,#1480,.F.);
#2111=ORIENTED_EDGE('',*,*,#1544,.T.);
#2112=ORIENTED_EDGE('',*,*,#1540,.F.);
#2113=ORIENTED_EDGE('',*,*,#1415,.F.);
#2114=ORIENTED_EDGE('',*,*,#1479,.F.);
#2115=ORIENTED_EDGE('',*,*,#1545,.T.);
#2116=ORIENTED_EDGE('',*,*,#1541,.F.);
#2117=ORIENTED_EDGE('',*,*,#1544,.F.);
#2118=ORIENTED_EDGE('',*,*,#1478,.F.);
#2119=ORIENTED_EDGE('',*,*,#1417,.F.);
#2120=ORIENTED_EDGE('',*,*,#1542,.F.);
#2121=ORIENTED_EDGE('',*,*,#1545,.F.);
#2122=ORIENTED_EDGE('',*,*,#1543,.F.);
#2123=ORIENTED_EDGE('',*,*,#1546,.T.);
#2124=ORIENTED_EDGE('',*,*,#1485,.F.);
#2125=ORIENTED_EDGE('',*,*,#1546,.F.);
#2126=ORIENTED_EDGE('',*,*,#1547,.T.);
#2127=ORIENTED_EDGE('',*,*,#1403,.T.);
#2128=ORIENTED_EDGE('',*,*,#1450,.T.);
#2129=ORIENTED_EDGE('',*,*,#1406,.T.);
#2130=ORIENTED_EDGE('',*,*,#1443,.T.);
#2131=ORIENTED_EDGE('',*,*,#1463,.T.);
#2132=ORIENTED_EDGE('',*,*,#1464,.T.);
#2133=ORIENTED_EDGE('',*,*,#1460,.T.);
#2134=ORIENTED_EDGE('',*,*,#1466,.T.);
#2135=ORIENTED_EDGE('',*,*,#1468,.T.);
#2136=ORIENTED_EDGE('',*,*,#1547,.F.);
#2137=ORIENTED_EDGE('',*,*,#1405,.F.);
#2138=ORIENTED_EDGE('',*,*,#1334,.F.);
#2139=ORIENTED_EDGE('',*,*,#1404,.F.);
#2140=ORIENTED_EDGE('',*,*,#1427,.T.);
#2141=ORIENTED_EDGE('',*,*,#1430,.T.);
#2142=ORIENTED_EDGE('',*,*,#1548,.F.);
#2143=ORIENTED_EDGE('',*,*,#1549,.F.);
#2144=ORIENTED_EDGE('',*,*,#1550,.F.);
#2145=ORIENTED_EDGE('',*,*,#1551,.F.);
#2146=ORIENTED_EDGE('',*,*,#1552,.T.);
#2147=ORIENTED_EDGE('',*,*,#1553,.T.);
#2148=ORIENTED_EDGE('',*,*,#1554,.T.);
#2149=ORIENTED_EDGE('',*,*,#1555,.T.);
#2150=ORIENTED_EDGE('',*,*,#1556,.T.);
#2151=ORIENTED_EDGE('',*,*,#1557,.T.);
#2152=ORIENTED_EDGE('',*,*,#1558,.T.);
#2153=ORIENTED_EDGE('',*,*,#1559,.T.);
#2154=ORIENTED_EDGE('',*,*,#1560,.T.);
#2155=ORIENTED_EDGE('',*,*,#1561,.T.);
#2156=ORIENTED_EDGE('',*,*,#1562,.T.);
#2157=ORIENTED_EDGE('',*,*,#1563,.T.);
#2158=ORIENTED_EDGE('',*,*,#1564,.T.);
#2159=ORIENTED_EDGE('',*,*,#1565,.T.);
#2160=ORIENTED_EDGE('',*,*,#1566,.T.);
#2161=ORIENTED_EDGE('',*,*,#1567,.T.);
#2162=ORIENTED_EDGE('',*,*,#1568,.T.);
#2163=ORIENTED_EDGE('',*,*,#1569,.T.);
#2164=ORIENTED_EDGE('',*,*,#1570,.T.);
#2165=ORIENTED_EDGE('',*,*,#1571,.T.);
#2166=ORIENTED_EDGE('',*,*,#1572,.T.);
#2167=ORIENTED_EDGE('',*,*,#1573,.T.);
#2168=ORIENTED_EDGE('',*,*,#1574,.T.);
#2169=ORIENTED_EDGE('',*,*,#1575,.T.);
#2170=ORIENTED_EDGE('',*,*,#1576,.T.);
#2171=ORIENTED_EDGE('',*,*,#1577,.T.);
#2172=ORIENTED_EDGE('',*,*,#1578,.T.);
#2173=ORIENTED_EDGE('',*,*,#1579,.T.);
#2174=ORIENTED_EDGE('',*,*,#1580,.T.);
#2175=ORIENTED_EDGE('',*,*,#1581,.T.);
#2176=ORIENTED_EDGE('',*,*,#1582,.T.);
#2177=ORIENTED_EDGE('',*,*,#1583,.T.);
#2178=ORIENTED_EDGE('',*,*,#1584,.T.);
#2179=ORIENTED_EDGE('',*,*,#1585,.T.);
#2180=ORIENTED_EDGE('',*,*,#1586,.T.);
#2181=ORIENTED_EDGE('',*,*,#1587,.T.);
#2182=ORIENTED_EDGE('',*,*,#1588,.T.);
#2183=ORIENTED_EDGE('',*,*,#1589,.T.);
#2184=ORIENTED_EDGE('',*,*,#1590,.T.);
#2185=ORIENTED_EDGE('',*,*,#1591,.T.);
#2186=ORIENTED_EDGE('',*,*,#1592,.F.);
#2187=ORIENTED_EDGE('',*,*,#1553,.F.);
#2188=ORIENTED_EDGE('',*,*,#1593,.T.);
#2189=ORIENTED_EDGE('',*,*,#1594,.T.);
#2190=ORIENTED_EDGE('',*,*,#1595,.F.);
#2191=ORIENTED_EDGE('',*,*,#1590,.F.);
#2192=ORIENTED_EDGE('',*,*,#1552,.F.);
#2193=ORIENTED_EDGE('',*,*,#1596,.F.);
#2194=ORIENTED_EDGE('',*,*,#1548,.T.);
#2195=ORIENTED_EDGE('',*,*,#1551,.T.);
#2196=ORIENTED_EDGE('',*,*,#1597,.T.);
#2197=ORIENTED_EDGE('',*,*,#1598,.T.);
#2198=ORIENTED_EDGE('',*,*,#1593,.F.);
#2199=ORIENTED_EDGE('',*,*,#1599,.F.);
#2200=ORIENTED_EDGE('',*,*,#1600,.F.);
#2201=ORIENTED_EDGE('',*,*,#1601,.F.);
#2202=ORIENTED_EDGE('',*,*,#1602,.F.);
#2203=ORIENTED_EDGE('',*,*,#1603,.F.);
#2204=ORIENTED_EDGE('',*,*,#1591,.F.);
#2205=ORIENTED_EDGE('',*,*,#1604,.F.);
#2206=ORIENTED_EDGE('',*,*,#1586,.F.);
#2207=ORIENTED_EDGE('',*,*,#1605,.F.);
#2208=ORIENTED_EDGE('',*,*,#1600,.T.);
#2209=ORIENTED_EDGE('',*,*,#1604,.T.);
#2210=ORIENTED_EDGE('',*,*,#1606,.T.);
#2211=ORIENTED_EDGE('',*,*,#1607,.T.);
#2212=ORIENTED_EDGE('',*,*,#1597,.F.);
#2213=ORIENTED_EDGE('',*,*,#1550,.T.);
#2214=ORIENTED_EDGE('',*,*,#1608,.F.);
#2215=ORIENTED_EDGE('',*,*,#1571,.F.);
#2216=ORIENTED_EDGE('',*,*,#1599,.T.);
#2217=ORIENTED_EDGE('',*,*,#1595,.T.);
#2218=ORIENTED_EDGE('',*,*,#1609,.T.);
#2219=ORIENTED_EDGE('',*,*,#1606,.F.);
#2220=ORIENTED_EDGE('',*,*,#1592,.T.);
#2221=ORIENTED_EDGE('',*,*,#1603,.T.);
#2222=ORIENTED_EDGE('',*,*,#1610,.T.);
#2223=ORIENTED_EDGE('',*,*,#1611,.F.);
#2224=ORIENTED_EDGE('',*,*,#1612,.F.);
#2225=ORIENTED_EDGE('',*,*,#1566,.F.);
#2226=ORIENTED_EDGE('',*,*,#1613,.T.);
#2227=ORIENTED_EDGE('',*,*,#1614,.T.);
#2228=ORIENTED_EDGE('',*,*,#1615,.T.);
#2229=ORIENTED_EDGE('',*,*,#1562,.F.);
#2230=ORIENTED_EDGE('',*,*,#1616,.T.);
#2231=ORIENTED_EDGE('',*,*,#1617,.T.);
#2232=ORIENTED_EDGE('',*,*,#1618,.T.);
#2233=ORIENTED_EDGE('',*,*,#1558,.F.);
#2234=ORIENTED_EDGE('',*,*,#1619,.T.);
#2235=ORIENTED_EDGE('',*,*,#1620,.T.);
#2236=ORIENTED_EDGE('',*,*,#1621,.T.);
#2237=ORIENTED_EDGE('',*,*,#1554,.F.);
#2238=ORIENTED_EDGE('',*,*,#1622,.F.);
#2239=ORIENTED_EDGE('',*,*,#1623,.T.);
#2240=ORIENTED_EDGE('',*,*,#1587,.F.);
#2241=ORIENTED_EDGE('',*,*,#1623,.F.);
#2242=ORIENTED_EDGE('',*,*,#1574,.F.);
#2243=ORIENTED_EDGE('',*,*,#1624,.F.);
#2244=ORIENTED_EDGE('',*,*,#1625,.F.);
#2245=ORIENTED_EDGE('',*,*,#1626,.F.);
#2246=ORIENTED_EDGE('',*,*,#1575,.F.);
#2247=ORIENTED_EDGE('',*,*,#1626,.T.);
#2248=ORIENTED_EDGE('',*,*,#1627,.F.);
#2249=ORIENTED_EDGE('',*,*,#1628,.F.);
#2250=ORIENTED_EDGE('',*,*,#1576,.F.);
#2251=ORIENTED_EDGE('',*,*,#1628,.T.);
#2252=ORIENTED_EDGE('',*,*,#1629,.F.);
#2253=ORIENTED_EDGE('',*,*,#1630,.F.);
#2254=ORIENTED_EDGE('',*,*,#1629,.T.);
#2255=ORIENTED_EDGE('',*,*,#1627,.T.);
#2256=ORIENTED_EDGE('',*,*,#1625,.T.);
#2257=ORIENTED_EDGE('',*,*,#1631,.F.);
#2258=ORIENTED_EDGE('',*,*,#1622,.T.);
#2259=ORIENTED_EDGE('',*,*,#1632,.F.);
#2260=ORIENTED_EDGE('',*,*,#1633,.T.);
#2261=ORIENTED_EDGE('',*,*,#1570,.F.);
#2262=ORIENTED_EDGE('',*,*,#1633,.F.);
#2263=ORIENTED_EDGE('',*,*,#1563,.F.);
#2264=ORIENTED_EDGE('',*,*,#1615,.F.);
#2265=ORIENTED_EDGE('',*,*,#1634,.F.);
#2266=ORIENTED_EDGE('',*,*,#1635,.F.);
#2267=ORIENTED_EDGE('',*,*,#1564,.F.);
#2268=ORIENTED_EDGE('',*,*,#1635,.T.);
#2269=ORIENTED_EDGE('',*,*,#1636,.F.);
#2270=ORIENTED_EDGE('',*,*,#1637,.F.);
#2271=ORIENTED_EDGE('',*,*,#1565,.F.);
#2272=ORIENTED_EDGE('',*,*,#1637,.T.);
#2273=ORIENTED_EDGE('',*,*,#1638,.F.);
#2274=ORIENTED_EDGE('',*,*,#1613,.F.);
#2275=ORIENTED_EDGE('',*,*,#1638,.T.);
#2276=ORIENTED_EDGE('',*,*,#1636,.T.);
#2277=ORIENTED_EDGE('',*,*,#1634,.T.);
#2278=ORIENTED_EDGE('',*,*,#1614,.F.);
#2279=ORIENTED_EDGE('',*,*,#1632,.T.);
#2280=ORIENTED_EDGE('',*,*,#1639,.F.);
#2281=ORIENTED_EDGE('',*,*,#1640,.T.);
#2282=ORIENTED_EDGE('',*,*,#1588,.F.);
#2283=ORIENTED_EDGE('',*,*,#1640,.F.);
#2284=ORIENTED_EDGE('',*,*,#1578,.F.);
#2285=ORIENTED_EDGE('',*,*,#1641,.F.);
#2286=ORIENTED_EDGE('',*,*,#1642,.F.);
#2287=ORIENTED_EDGE('',*,*,#1643,.F.);
#2288=ORIENTED_EDGE('',*,*,#1579,.F.);
#2289=ORIENTED_EDGE('',*,*,#1643,.T.);
#2290=ORIENTED_EDGE('',*,*,#1644,.F.);
#2291=ORIENTED_EDGE('',*,*,#1645,.F.);
#2292=ORIENTED_EDGE('',*,*,#1580,.F.);
#2293=ORIENTED_EDGE('',*,*,#1645,.T.);
#2294=ORIENTED_EDGE('',*,*,#1646,.F.);
#2295=ORIENTED_EDGE('',*,*,#1647,.F.);
#2296=ORIENTED_EDGE('',*,*,#1646,.T.);
#2297=ORIENTED_EDGE('',*,*,#1644,.T.);
#2298=ORIENTED_EDGE('',*,*,#1642,.T.);
#2299=ORIENTED_EDGE('',*,*,#1648,.F.);
#2300=ORIENTED_EDGE('',*,*,#1639,.T.);
#2301=ORIENTED_EDGE('',*,*,#1649,.F.);
#2302=ORIENTED_EDGE('',*,*,#1650,.T.);
#2303=ORIENTED_EDGE('',*,*,#1569,.F.);
#2304=ORIENTED_EDGE('',*,*,#1650,.F.);
#2305=ORIENTED_EDGE('',*,*,#1555,.F.);
#2306=ORIENTED_EDGE('',*,*,#1621,.F.);
#2307=ORIENTED_EDGE('',*,*,#1651,.F.);
#2308=ORIENTED_EDGE('',*,*,#1652,.F.);
#2309=ORIENTED_EDGE('',*,*,#1556,.F.);
#2310=ORIENTED_EDGE('',*,*,#1652,.T.);
#2311=ORIENTED_EDGE('',*,*,#1653,.F.);
#2312=ORIENTED_EDGE('',*,*,#1654,.F.);
#2313=ORIENTED_EDGE('',*,*,#1557,.F.);
#2314=ORIENTED_EDGE('',*,*,#1654,.T.);
#2315=ORIENTED_EDGE('',*,*,#1655,.F.);
#2316=ORIENTED_EDGE('',*,*,#1619,.F.);
#2317=ORIENTED_EDGE('',*,*,#1655,.T.);
#2318=ORIENTED_EDGE('',*,*,#1653,.T.);
#2319=ORIENTED_EDGE('',*,*,#1651,.T.);
#2320=ORIENTED_EDGE('',*,*,#1620,.F.);
#2321=ORIENTED_EDGE('',*,*,#1649,.T.);
#2322=ORIENTED_EDGE('',*,*,#1656,.F.);
#2323=ORIENTED_EDGE('',*,*,#1657,.T.);
#2324=ORIENTED_EDGE('',*,*,#1568,.F.);
#2325=ORIENTED_EDGE('',*,*,#1657,.F.);
#2326=ORIENTED_EDGE('',*,*,#1559,.F.);
#2327=ORIENTED_EDGE('',*,*,#1618,.F.);
#2328=ORIENTED_EDGE('',*,*,#1658,.F.);
#2329=ORIENTED_EDGE('',*,*,#1659,.F.);
#2330=ORIENTED_EDGE('',*,*,#1560,.F.);
#2331=ORIENTED_EDGE('',*,*,#1659,.T.);
#2332=ORIENTED_EDGE('',*,*,#1660,.F.);
#2333=ORIENTED_EDGE('',*,*,#1661,.F.);
#2334=ORIENTED_EDGE('',*,*,#1561,.F.);
#2335=ORIENTED_EDGE('',*,*,#1661,.T.);
#2336=ORIENTED_EDGE('',*,*,#1662,.F.);
#2337=ORIENTED_EDGE('',*,*,#1616,.F.);
#2338=ORIENTED_EDGE('',*,*,#1662,.T.);
#2339=ORIENTED_EDGE('',*,*,#1660,.T.);
#2340=ORIENTED_EDGE('',*,*,#1658,.T.);
#2341=ORIENTED_EDGE('',*,*,#1617,.F.);
#2342=ORIENTED_EDGE('',*,*,#1656,.T.);
#2343=ORIENTED_EDGE('',*,*,#1663,.F.);
#2344=ORIENTED_EDGE('',*,*,#1664,.T.);
#2345=ORIENTED_EDGE('',*,*,#1589,.F.);
#2346=ORIENTED_EDGE('',*,*,#1664,.F.);
#2347=ORIENTED_EDGE('',*,*,#1582,.F.);
#2348=ORIENTED_EDGE('',*,*,#1665,.F.);
#2349=ORIENTED_EDGE('',*,*,#1666,.F.);
#2350=ORIENTED_EDGE('',*,*,#1667,.F.);
#2351=ORIENTED_EDGE('',*,*,#1583,.F.);
#2352=ORIENTED_EDGE('',*,*,#1667,.T.);
#2353=ORIENTED_EDGE('',*,*,#1668,.F.);
#2354=ORIENTED_EDGE('',*,*,#1669,.F.);
#2355=ORIENTED_EDGE('',*,*,#1584,.F.);
#2356=ORIENTED_EDGE('',*,*,#1669,.T.);
#2357=ORIENTED_EDGE('',*,*,#1670,.F.);
#2358=ORIENTED_EDGE('',*,*,#1671,.F.);
#2359=ORIENTED_EDGE('',*,*,#1670,.T.);
#2360=ORIENTED_EDGE('',*,*,#1668,.T.);
#2361=ORIENTED_EDGE('',*,*,#1666,.T.);
#2362=ORIENTED_EDGE('',*,*,#1672,.F.);
#2363=ORIENTED_EDGE('',*,*,#1663,.T.);
#2364=ORIENTED_EDGE('',*,*,#1605,.T.);
#2365=ORIENTED_EDGE('',*,*,#1585,.F.);
#2366=ORIENTED_EDGE('',*,*,#1671,.T.);
#2367=ORIENTED_EDGE('',*,*,#1672,.T.);
#2368=ORIENTED_EDGE('',*,*,#1665,.T.);
#2369=ORIENTED_EDGE('',*,*,#1581,.F.);
#2370=ORIENTED_EDGE('',*,*,#1647,.T.);
#2371=ORIENTED_EDGE('',*,*,#1648,.T.);
#2372=ORIENTED_EDGE('',*,*,#1641,.T.);
#2373=ORIENTED_EDGE('',*,*,#1577,.F.);
#2374=ORIENTED_EDGE('',*,*,#1630,.T.);
#2375=ORIENTED_EDGE('',*,*,#1631,.T.);
#2376=ORIENTED_EDGE('',*,*,#1624,.T.);
#2377=ORIENTED_EDGE('',*,*,#1573,.F.);
#2378=ORIENTED_EDGE('',*,*,#1673,.T.);
#2379=ORIENTED_EDGE('',*,*,#1674,.F.);
#2380=ORIENTED_EDGE('',*,*,#1675,.F.);
#2381=ORIENTED_EDGE('',*,*,#1601,.T.);
#2382=ORIENTED_EDGE('',*,*,#1598,.F.);
#2383=ORIENTED_EDGE('',*,*,#1607,.F.);
#2384=ORIENTED_EDGE('',*,*,#1609,.F.);
#2385=ORIENTED_EDGE('',*,*,#1594,.F.);
#2386=ORIENTED_EDGE('',*,*,#1596,.T.);
#2387=ORIENTED_EDGE('',*,*,#1567,.F.);
#2388=ORIENTED_EDGE('',*,*,#1612,.T.);
#2389=ORIENTED_EDGE('',*,*,#1676,.F.);
#2390=ORIENTED_EDGE('',*,*,#1673,.F.);
#2391=ORIENTED_EDGE('',*,*,#1572,.F.);
#2392=ORIENTED_EDGE('',*,*,#1608,.T.);
#2393=ORIENTED_EDGE('',*,*,#1549,.T.);
#2394=ORIENTED_EDGE('',*,*,#1602,.T.);
#2395=ORIENTED_EDGE('',*,*,#1675,.T.);
#2396=ORIENTED_EDGE('',*,*,#1677,.F.);
#2397=ORIENTED_EDGE('',*,*,#1610,.F.);
#2398=ORIENTED_EDGE('',*,*,#1676,.T.);
#2399=ORIENTED_EDGE('',*,*,#1611,.T.);
#2400=ORIENTED_EDGE('',*,*,#1677,.T.);
#2401=ORIENTED_EDGE('',*,*,#1674,.T.);
#2402=PLANE('',#2706);
#2403=PLANE('',#2707);
#2404=PLANE('',#2709);
#2405=PLANE('',#2710);
#2406=PLANE('',#2711);
#2407=PLANE('',#2712);
#2408=PLANE('',#2713);
#2409=PLANE('',#2714);
#2410=PLANE('',#2715);
#2411=PLANE('',#2720);
#2412=PLANE('',#2725);
#2413=PLANE('',#2728);
#2414=PLANE('',#2729);
#2415=PLANE('',#2730);
#2416=PLANE('',#2732);
#2417=PLANE('',#2733);
#2418=PLANE('',#2734);
#2419=PLANE('',#2735);
#2420=PLANE('',#2736);
#2421=PLANE('',#2737);
#2422=PLANE('',#2738);
#2423=PLANE('',#2745);
#2424=PLANE('',#2746);
#2425=PLANE('',#2747);
#2426=PLANE('',#2748);
#2427=PLANE('',#2749);
#2428=PLANE('',#2755);
#2429=PLANE('',#2756);
#2430=PLANE('',#2757);
#2431=PLANE('',#2762);
#2432=PLANE('',#2765);
#2433=PLANE('',#2768);
#2434=PLANE('',#2771);
#2435=PLANE('',#2775);
#2436=PLANE('',#2779);
#2437=PLANE('',#2780);
#2438=PLANE('',#2781);
#2439=PLANE('',#2782);
#2440=PLANE('',#2783);
#2441=PLANE('',#2784);
#2442=PLANE('',#2786);
#2443=PLANE('',#2787);
#2444=PLANE('',#2788);
#2445=PLANE('',#2790);
#2446=PLANE('',#2792);
#2447=PLANE('',#2793);
#2448=PLANE('',#2794);
#2449=PLANE('',#2796);
#2450=PLANE('',#2798);
#2451=PLANE('',#2799);
#2452=PLANE('',#2800);
#2453=PLANE('',#2802);
#2454=PLANE('',#2804);
#2455=PLANE('',#2805);
#2456=PLANE('',#2806);
#2457=PLANE('',#2808);
#2458=PLANE('',#2810);
#2459=PLANE('',#2811);
#2460=PLANE('',#2812);
#2461=PLANE('',#2814);
#2462=PLANE('',#2816);
#2463=PLANE('',#2817);
#2464=PLANE('',#2818);
#2465=PLANE('',#2820);
#2466=PLANE('',#2821);
#2467=PLANE('',#2823);
#2468=PLANE('',#2824);
#2469=PLANE('',#2828);
#2470=PLANE('',#2832);
#2471=PLANE('',#2833);
#2472=PLANE('',#2834);
#2473=PLANE('',#2835);
#2474=PLANE('',#2836);
#2475=PLANE('',#2837);
#2476=PLANE('',#2838);
#2477=PLANE('',#2839);
#2478=PLANE('',#2842);
#2479=PLANE('',#2843);
#2480=PLANE('',#2844);
#2481=PLANE('',#2845);
#2482=PLANE('',#2848);
#2483=PLANE('',#2849);
#2484=PLANE('',#2850);
#2485=PLANE('',#2851);
#2486=PLANE('',#2854);
#2487=PLANE('',#2855);
#2488=PLANE('',#2856);
#2489=PLANE('',#2857);
#2490=PLANE('',#2860);
#2491=PLANE('',#2861);
#2492=PLANE('',#2862);
#2493=PLANE('',#2863);
#2494=PLANE('',#2866);
#2495=PLANE('',#2867);
#2496=PLANE('',#2868);
#2497=PLANE('',#2869);
#2498=PLANE('',#2872);
#2499=PLANE('',#2873);
#2500=PLANE('',#2874);
#2501=PLANE('',#2875);
#2502=PLANE('',#2876);
#2503=PLANE('',#2877);
#2504=PLANE('',#2878);
#2505=PLANE('',#2879);
#2506=PLANE('',#2880);
#2507=ADVANCED_FACE('',(#148),#2402,.F.);
#2508=ADVANCED_FACE('',(#149,#62),#2403,.T.);
#2509=ADVANCED_FACE('',(#150),#2404,.T.);
#2510=ADVANCED_FACE('',(#151),#2405,.F.);
#2511=ADVANCED_FACE('',(#152),#2406,.F.);
#2512=ADVANCED_FACE('',(#153),#2407,.F.);
#2513=ADVANCED_FACE('',(#154),#2408,.T.);
#2514=ADVANCED_FACE('',(#155),#2409,.T.);
#2515=ADVANCED_FACE('',(#156,#63),#2410,.T.);
#2516=ADVANCED_FACE('',(#157),#39,.F.);
#2517=ADVANCED_FACE('',(#158,#64),#2411,.F.);
#2518=ADVANCED_FACE('',(#159),#40,.F.);
#2519=ADVANCED_FACE('',(#160,#65),#2412,.F.);
#2520=ADVANCED_FACE('',(#161),#41,.F.);
#2521=ADVANCED_FACE('',(#162),#2413,.T.);
#2522=ADVANCED_FACE('',(#163),#2414,.T.);
#2523=ADVANCED_FACE('',(#164),#2415,.T.);
#2524=ADVANCED_FACE('',(#165),#42,.F.);
#2525=ADVANCED_FACE('',(#166),#2416,.T.);
#2526=ADVANCED_FACE('',(#167),#2417,.T.);
#2527=ADVANCED_FACE('',(#168),#2418,.T.);
#2528=ADVANCED_FACE('',(#169),#2419,.T.);
#2529=ADVANCED_FACE('',(#170),#2420,.T.);
#2530=ADVANCED_FACE('',(#171),#2421,.T.);
#2531=ADVANCED_FACE('',(#172),#2422,.F.);
#2532=ADVANCED_FACE('',(#173),#43,.F.);
#2533=ADVANCED_FACE('',(#174),#44,.F.);
#2534=ADVANCED_FACE('',(#175),#2423,.T.);
#2535=ADVANCED_FACE('',(#176,#66,#67),#2424,.T.);
#2536=ADVANCED_FACE('',(#177),#2425,.T.);
#2537=ADVANCED_FACE('',(#178),#2426,.T.);
#2538=ADVANCED_FACE('',(#179,#68,#69,#70,#71,#72),#2427,.T.);
#2539=ADVANCED_FACE('',(#180),#2428,.F.);
#2540=ADVANCED_FACE('',(#181),#2429,.F.);
#2541=ADVANCED_FACE('',(#182),#2430,.F.);
#2542=ADVANCED_FACE('',(#183),#45,.F.);
#2543=ADVANCED_FACE('',(#184),#46,.F.);
#2544=ADVANCED_FACE('',(#185),#2431,.F.);
#2545=ADVANCED_FACE('',(#186),#47,.T.);
#2546=ADVANCED_FACE('',(#187),#2432,.F.);
#2547=ADVANCED_FACE('',(#188),#48,.T.);
#2548=ADVANCED_FACE('',(#189),#2433,.F.);
#2549=ADVANCED_FACE('',(#190),#49,.T.);
#2550=ADVANCED_FACE('',(#191,#73,#74,#75),#2434,.T.);
#2551=ADVANCED_FACE('',(#192,#76,#77,#78),#2435,.T.);
#2552=ADVANCED_FACE('',(#193),#2436,.T.);
#2553=ADVANCED_FACE('',(#194),#2437,.F.);
#2554=ADVANCED_FACE('',(#195),#2438,.F.);
#2555=ADVANCED_FACE('',(#196),#2439,.F.);
#2556=ADVANCED_FACE('',(#197),#2440,.F.);
#2557=ADVANCED_FACE('',(#198,#79),#2441,.F.);
#2558=ADVANCED_FACE('',(#199),#2442,.T.);
#2559=ADVANCED_FACE('',(#200),#2443,.T.);
#2560=ADVANCED_FACE('',(#201),#2444,.T.);
#2561=ADVANCED_FACE('',(#202),#50,.F.);
#2562=ADVANCED_FACE('',(#203,#80),#2445,.F.);
#2563=ADVANCED_FACE('',(#204),#2446,.T.);
#2564=ADVANCED_FACE('',(#205),#2447,.T.);
#2565=ADVANCED_FACE('',(#206),#2448,.T.);
#2566=ADVANCED_FACE('',(#207),#51,.F.);
#2567=ADVANCED_FACE('',(#208,#81),#2449,.F.);
#2568=ADVANCED_FACE('',(#209),#2450,.T.);
#2569=ADVANCED_FACE('',(#210),#2451,.T.);
#2570=ADVANCED_FACE('',(#211),#2452,.T.);
#2571=ADVANCED_FACE('',(#212),#52,.F.);
#2572=ADVANCED_FACE('',(#213,#82),#2453,.F.);
#2573=ADVANCED_FACE('',(#214),#2454,.T.);
#2574=ADVANCED_FACE('',(#215),#2455,.T.);
#2575=ADVANCED_FACE('',(#216),#2456,.T.);
#2576=ADVANCED_FACE('',(#217),#53,.F.);
#2577=ADVANCED_FACE('',(#218,#83),#2457,.F.);
#2578=ADVANCED_FACE('',(#219),#2458,.T.);
#2579=ADVANCED_FACE('',(#220),#2459,.T.);
#2580=ADVANCED_FACE('',(#221),#2460,.T.);
#2581=ADVANCED_FACE('',(#222),#54,.F.);
#2582=ADVANCED_FACE('',(#223,#84),#2461,.F.);
#2583=ADVANCED_FACE('',(#224),#2462,.T.);
#2584=ADVANCED_FACE('',(#225),#2463,.T.);
#2585=ADVANCED_FACE('',(#226),#2464,.T.);
#2586=ADVANCED_FACE('',(#227),#55,.F.);
#2587=ADVANCED_FACE('',(#228,#85,#86,#87),#2465,.T.);
#2588=ADVANCED_FACE('',(#229,#88,#89),#2466,.T.);
#2589=ADVANCED_FACE('',(#230),#2467,.F.);
#2590=ADVANCED_FACE('',(#231,#90,#91,#92),#2468,.T.);
#2591=ADVANCED_FACE('',(#232,#93,#94,#95),#2469,.T.);
#2592=ADVANCED_FACE('',(#233),#2470,.F.);
#2593=ADVANCED_FACE('',(#234),#2471,.T.);
#2594=ADVANCED_FACE('',(#235),#2472,.T.);
#2595=ADVANCED_FACE('',(#236),#2473,.F.);
#2596=ADVANCED_FACE('',(#237),#2474,.F.);
#2597=ADVANCED_FACE('',(#238),#2475,.T.);
#2598=ADVANCED_FACE('',(#239),#2476,.T.);
#2599=ADVANCED_FACE('',(#240),#2477,.T.);
#2600=ADVANCED_FACE('',(#241),#56,.F.);
#2601=ADVANCED_FACE('',(#242),#2478,.T.);
#2602=ADVANCED_FACE('',(#243),#2479,.T.);
#2603=ADVANCED_FACE('',(#244),#2480,.T.);
#2604=ADVANCED_FACE('',(#245,#96),#2481,.F.);
#2605=ADVANCED_FACE('',(#246),#57,.F.);
#2606=ADVANCED_FACE('',(#247),#2482,.T.);
#2607=ADVANCED_FACE('',(#248),#2483,.T.);
#2608=ADVANCED_FACE('',(#249),#2484,.T.);
#2609=ADVANCED_FACE('',(#250,#97),#2485,.F.);
#2610=ADVANCED_FACE('',(#251),#58,.F.);
#2611=ADVANCED_FACE('',(#252),#2486,.T.);
#2612=ADVANCED_FACE('',(#253),#2487,.T.);
#2613=ADVANCED_FACE('',(#254),#2488,.T.);
#2614=ADVANCED_FACE('',(#255,#98),#2489,.F.);
#2615=ADVANCED_FACE('',(#256),#59,.F.);
#2616=ADVANCED_FACE('',(#257),#2490,.T.);
#2617=ADVANCED_FACE('',(#258),#2491,.T.);
#2618=ADVANCED_FACE('',(#259),#2492,.T.);
#2619=ADVANCED_FACE('',(#260,#99),#2493,.F.);
#2620=ADVANCED_FACE('',(#261),#60,.F.);
#2621=ADVANCED_FACE('',(#262),#2494,.T.);
#2622=ADVANCED_FACE('',(#263),#2495,.T.);
#2623=ADVANCED_FACE('',(#264),#2496,.T.);
#2624=ADVANCED_FACE('',(#265,#100),#2497,.F.);
#2625=ADVANCED_FACE('',(#266),#61,.F.);
#2626=ADVANCED_FACE('',(#267),#2498,.T.);
#2627=ADVANCED_FACE('',(#268),#2499,.T.);
#2628=ADVANCED_FACE('',(#269),#2500,.T.);
#2629=ADVANCED_FACE('',(#270,#101),#2501,.F.);
#2630=ADVANCED_FACE('',(#271),#2502,.T.);
#2631=ADVANCED_FACE('',(#272),#2503,.T.);
#2632=ADVANCED_FACE('',(#273),#2504,.T.);
#2633=ADVANCED_FACE('',(#274),#2505,.T.);
#2634=ADVANCED_FACE('',(#275),#2506,.T.);
#2635=CLOSED_SHELL('',(#2507,#2508,#2509,#2510,#2511,#2512,#2513,#2514,
#2515,#2516,#2517,#2518,#2519,#2520,#2521,#2522,#2523,#2524,#2525,#2526,
#2527,#2528,#2529,#2530,#2531,#2532,#2533,#2534,#2535,#2536,#2537,#2538,
#2539,#2540,#2541,#2542,#2543,#2544,#2545,#2546,#2547,#2548,#2549,#2550,
#2551,#2552,#2553,#2554,#2555,#2556,#2557,#2558,#2559,#2560,#2561,#2562,
#2563,#2564,#2565,#2566,#2567,#2568,#2569,#2570,#2571,#2572,#2573,#2574,
#2575,#2576,#2577,#2578,#2579,#2580,#2581,#2582,#2583,#2584,#2585,#2586,
#2587,#2588));
#2636=CLOSED_SHELL('',(#2589,#2590,#2591,#2592,#2593,#2594,#2595,#2596,
#2597,#2598,#2599,#2600,#2601,#2602,#2603,#2604,#2605,#2606,#2607,#2608,
#2609,#2610,#2611,#2612,#2613,#2614,#2615,#2616,#2617,#2618,#2619,#2620,
#2621,#2622,#2623,#2624,#2625,#2626,#2627,#2628,#2629,#2630,#2631,#2632,
#2633,#2634));
#2637=DERIVED_UNIT_ELEMENT(#2642,1.);
#2638=DERIVED_UNIT_ELEMENT(#4311,-3.);
#2639=DERIVED_UNIT_ELEMENT(#2642,1.);
#2640=DERIVED_UNIT_ELEMENT(#4311,-3.);
#2641=DIMENSIONAL_EXPONENTS(0.,1.,0.,0.,0.,0.,0.);
#2642=(
CONVERSION_BASED_UNIT('gram',#2644)
MASS_UNIT()
NAMED_UNIT(#2641)
);
#2643=(
MASS_UNIT()
NAMED_UNIT(*)
SI_UNIT(.KILO.,.GRAM.)
);
#2644=MASS_MEASURE_WITH_UNIT(MASS_MEASURE(0.001),#2643);
#2645=DERIVED_UNIT((#2637,#2638));
#2646=DERIVED_UNIT((#2639,#2640));
#2647=MEASURE_REPRESENTATION_ITEM('density measure',
POSITIVE_RATIO_MEASURE(1.),#2645);
#2648=MEASURE_REPRESENTATION_ITEM('density measure',
POSITIVE_RATIO_MEASURE(1.),#2646);
#2649=PROPERTY_DEFINITION_REPRESENTATION(#2659,#2653);
#2650=PROPERTY_DEFINITION_REPRESENTATION(#2660,#2654);
#2651=PROPERTY_DEFINITION_REPRESENTATION(#2661,#2655);
#2652=PROPERTY_DEFINITION_REPRESENTATION(#2662,#2656);
#2653=REPRESENTATION('material name',(#2657),#4307);
#2654=REPRESENTATION('density',(#2647),#4307);
#2655=REPRESENTATION('material name',(#2658),#4308);
#2656=REPRESENTATION('density',(#2648),#4308);
#2657=DESCRIPTIVE_REPRESENTATION_ITEM('Generic','Generic');
#2658=DESCRIPTIVE_REPRESENTATION_ITEM('Generic','Generic');
#2659=PROPERTY_DEFINITION('material property','material name',#4327);
#2660=PROPERTY_DEFINITION('material property','density of part',#4327);
#2661=PROPERTY_DEFINITION('material property','material name',#4328);
#2662=PROPERTY_DEFINITION('material property','density of part',#4328);
#2663=PRESENTATION_STYLE_ASSIGNMENT((#2666));
#2664=PRESENTATION_STYLE_ASSIGNMENT((#2667));
#2665=PRESENTATION_STYLE_ASSIGNMENT((#2668));
#2666=SURFACE_STYLE_USAGE(.BOTH.,#2671);
#2667=SURFACE_STYLE_USAGE(.BOTH.,#2672);
#2668=SURFACE_STYLE_USAGE(.BOTH.,#2673);
#2669=SURFACE_STYLE_RENDERING_WITH_PROPERTIES($,#2683,(#2670));
#2670=SURFACE_STYLE_TRANSPARENT(0.);
#2671=SURFACE_SIDE_STYLE('',(#2674,#2669));
#2672=SURFACE_SIDE_STYLE('',(#2675));
#2673=SURFACE_SIDE_STYLE('',(#2676));
#2674=SURFACE_STYLE_FILL_AREA(#2677);
#2675=SURFACE_STYLE_FILL_AREA(#2678);
#2676=SURFACE_STYLE_FILL_AREA(#2679);
#2677=FILL_AREA_STYLE('',(#2680));
#2678=FILL_AREA_STYLE('',(#2681));
#2679=FILL_AREA_STYLE('',(#2682));
#2680=FILL_AREA_STYLE_COLOUR('',#2683);
#2681=FILL_AREA_STYLE_COLOUR('',#2684);
#2682=FILL_AREA_STYLE_COLOUR('',#2685);
#2683=COLOUR_RGB('',0.749019607843137,0.749019607843137,0.749019607843137);
#2684=COLOUR_RGB('',1.,1.,0.);
#2685=COLOUR_RGB('',0.,0.,0.);
#2686=DATE_TIME_ROLE('creation_date');
#2687=DATE_TIME_ROLE('creation_date');
#2688=DATE_TIME_ROLE('creation_date');
#2689=APPLIED_DATE_AND_TIME_ASSIGNMENT(#2692,#2686,(#4326));
#2690=APPLIED_DATE_AND_TIME_ASSIGNMENT(#2693,#2687,(#4327));
#2691=APPLIED_DATE_AND_TIME_ASSIGNMENT(#2694,#2688,(#4328));
#2692=DATE_AND_TIME(#2695,#2698);
#2693=DATE_AND_TIME(#2696,#2699);
#2694=DATE_AND_TIME(#2697,#2700);
#2695=CALENDAR_DATE(2026,19,6);
#2696=CALENDAR_DATE(2026,16,6);
#2697=CALENDAR_DATE(2026,18,6);
#2698=LOCAL_TIME(0,0,0.,#2701);
#2699=LOCAL_TIME(0,0,0.,#2702);
#2700=LOCAL_TIME(0,0,0.,#2703);
#2701=COORDINATED_UNIVERSAL_TIME_OFFSET(0,0,.BEHIND.);
#2702=COORDINATED_UNIVERSAL_TIME_OFFSET(0,0,.BEHIND.);
#2703=COORDINATED_UNIVERSAL_TIME_OFFSET(0,0,.BEHIND.);
#2704=AXIS2_PLACEMENT_3D('',#3557,#2883,#2884);
#2705=AXIS2_PLACEMENT_3D('',#3558,#2885,#2886);
#2706=AXIS2_PLACEMENT_3D('',#3559,#2887,#2888);
#2707=AXIS2_PLACEMENT_3D('',#3572,#2895,#2896);
#2708=AXIS2_PLACEMENT_3D('',#3587,#2904,#2905);
#2709=AXIS2_PLACEMENT_3D('',#3588,#2906,#2907);
#2710=AXIS2_PLACEMENT_3D('',#3600,#2914,#2915);
#2711=AXIS2_PLACEMENT_3D('',#3609,#2920,#2921);
#2712=AXIS2_PLACEMENT_3D('',#3618,#2926,#2927);
#2713=AXIS2_PLACEMENT_3D('',#3624,#2931,#2932);
#2714=AXIS2_PLACEMENT_3D('',#3630,#2936,#2937);
#2715=AXIS2_PLACEMENT_3D('',#3634,#2940,#2941);
#2716=AXIS2_PLACEMENT_3D('',#3650,#2950,#2951);
#2717=AXIS2_PLACEMENT_3D('',#3651,#2952,#2953);
#2718=AXIS2_PLACEMENT_3D('',#3654,#2954,#2955);
#2719=AXIS2_PLACEMENT_3D('',#3658,#2957,#2958);
#2720=AXIS2_PLACEMENT_3D('',#3660,#2960,#2961);
#2721=AXIS2_PLACEMENT_3D('',#3667,#2965,#2966);
#2722=AXIS2_PLACEMENT_3D('',#3668,#2967,#2968);
#2723=AXIS2_PLACEMENT_3D('',#3671,#2969,#2970);
#2724=AXIS2_PLACEMENT_3D('',#3675,#2972,#2973);
#2725=AXIS2_PLACEMENT_3D('',#3677,#2975,#2976);
#2726=AXIS2_PLACEMENT_3D('',#3684,#2980,#2981);
#2727=AXIS2_PLACEMENT_3D('',#3685,#2982,#2983);
#2728=AXIS2_PLACEMENT_3D('',#3687,#2985,#2986);
#2729=AXIS2_PLACEMENT_3D('',#3690,#2989,#2990);
#2730=AXIS2_PLACEMENT_3D('',#3692,#2992,#2993);
#2731=AXIS2_PLACEMENT_3D('',#3694,#2995,#2996);
#2732=AXIS2_PLACEMENT_3D('',#3696,#2998,#2999);
#2733=AXIS2_PLACEMENT_3D('',#3699,#3002,#3003);
#2734=AXIS2_PLACEMENT_3D('',#3701,#3005,#3006);
#2735=AXIS2_PLACEMENT_3D('',#3703,#3008,#3009);
#2736=AXIS2_PLACEMENT_3D('',#3739,#3028,#3029);
#2737=AXIS2_PLACEMENT_3D('',#3775,#3048,#3049);
#2738=AXIS2_PLACEMENT_3D('',#3779,#3052,#3053);
#2739=AXIS2_PLACEMENT_3D('',#3783,#3056,#3057);
#2740=AXIS2_PLACEMENT_3D('',#3785,#3058,#3059);
#2741=AXIS2_PLACEMENT_3D('',#3788,#3061,#3062);
#2742=AXIS2_PLACEMENT_3D('',#3789,#3063,#3064);
#2743=AXIS2_PLACEMENT_3D('',#3791,#3065,#3066);
#2744=AXIS2_PLACEMENT_3D('',#3794,#3068,#3069);
#2745=AXIS2_PLACEMENT_3D('',#3795,#3070,#3071);
#2746=AXIS2_PLACEMENT_3D('',#3805,#3077,#3078);
#2747=AXIS2_PLACEMENT_3D('',#3810,#3082,#3083);
#2748=AXIS2_PLACEMENT_3D('',#3826,#3092,#3093);
#2749=AXIS2_PLACEMENT_3D('',#3829,#3096,#3097);
#2750=AXIS2_PLACEMENT_3D('',#3837,#3102,#3103);
#2751=AXIS2_PLACEMENT_3D('',#3839,#3104,#3105);
#2752=AXIS2_PLACEMENT_3D('',#3841,#3106,#3107);
#2753=AXIS2_PLACEMENT_3D('',#3843,#3108,#3109);
#2754=AXIS2_PLACEMENT_3D('',#3845,#3110,#3111);
#2755=AXIS2_PLACEMENT_3D('',#3846,#3112,#3113);
#2756=AXIS2_PLACEMENT_3D('',#3850,#3116,#3117);
#2757=AXIS2_PLACEMENT_3D('',#3854,#3120,#3121);
#2758=AXIS2_PLACEMENT_3D('',#3856,#3123,#3124);
#2759=AXIS2_PLACEMENT_3D('',#3859,#3126,#3127);
#2760=AXIS2_PLACEMENT_3D('',#3860,#3128,#3129);
#2761=AXIS2_PLACEMENT_3D('',#3863,#3131,#3132);
#2762=AXIS2_PLACEMENT_3D('',#3864,#3133,#3134);
#2763=AXIS2_PLACEMENT_3D('',#3866,#3135,#3136);
#2764=AXIS2_PLACEMENT_3D('',#3867,#3137,#3138);
#2765=AXIS2_PLACEMENT_3D('',#3869,#3140,#3141);
#2766=AXIS2_PLACEMENT_3D('',#3871,#3142,#3143);
#2767=AXIS2_PLACEMENT_3D('',#3872,#3144,#3145);
#2768=AXIS2_PLACEMENT_3D('',#3874,#3147,#3148);
#2769=AXIS2_PLACEMENT_3D('',#3876,#3149,#3150);
#2770=AXIS2_PLACEMENT_3D('',#3877,#3151,#3152);
#2771=AXIS2_PLACEMENT_3D('',#3879,#3154,#3155);
#2772=AXIS2_PLACEMENT_3D('',#3897,#3166,#3167);
#2773=AXIS2_PLACEMENT_3D('',#3899,#3168,#3169);
#2774=AXIS2_PLACEMENT_3D('',#3901,#3170,#3171);
#2775=AXIS2_PLACEMENT_3D('',#3902,#3172,#3173);
#2776=AXIS2_PLACEMENT_3D('',#3921,#3185,#3186);
#2777=AXIS2_PLACEMENT_3D('',#3923,#3187,#3188);
#2778=AXIS2_PLACEMENT_3D('',#3925,#3189,#3190);
#2779=AXIS2_PLACEMENT_3D('',#3926,#3191,#3192);
#2780=AXIS2_PLACEMENT_3D('',#3928,#3194,#3195);
#2781=AXIS2_PLACEMENT_3D('',#3931,#3198,#3199);
#2782=AXIS2_PLACEMENT_3D('',#3932,#3200,#3201);
#2783=AXIS2_PLACEMENT_3D('',#3933,#3202,#3203);
#2784=AXIS2_PLACEMENT_3D('',#3934,#3204,#3205);
#2785=AXIS2_PLACEMENT_3D('',#3941,#3209,#3210);
#2786=AXIS2_PLACEMENT_3D('',#3942,#3211,#3212);
#2787=AXIS2_PLACEMENT_3D('',#3944,#3214,#3215);
#2788=AXIS2_PLACEMENT_3D('',#3946,#3217,#3218);
#2789=AXIS2_PLACEMENT_3D('',#3947,#3219,#3220);
#2790=AXIS2_PLACEMENT_3D('',#3949,#3222,#3223);
#2791=AXIS2_PLACEMENT_3D('',#3956,#3227,#3228);
#2792=AXIS2_PLACEMENT_3D('',#3957,#3229,#3230);
#2793=AXIS2_PLACEMENT_3D('',#3959,#3232,#3233);
#2794=AXIS2_PLACEMENT_3D('',#3961,#3235,#3236);
#2795=AXIS2_PLACEMENT_3D('',#3962,#3237,#3238);
#2796=AXIS2_PLACEMENT_3D('',#3964,#3240,#3241);
#2797=AXIS2_PLACEMENT_3D('',#3971,#3245,#3246);
#2798=AXIS2_PLACEMENT_3D('',#3972,#3247,#3248);
#2799=AXIS2_PLACEMENT_3D('',#3974,#3250,#3251);
#2800=AXIS2_PLACEMENT_3D('',#3976,#3253,#3254);
#2801=AXIS2_PLACEMENT_3D('',#3977,#3255,#3256);
#2802=AXIS2_PLACEMENT_3D('',#3979,#3258,#3259);
#2803=AXIS2_PLACEMENT_3D('',#3986,#3263,#3264);
#2804=AXIS2_PLACEMENT_3D('',#3987,#3265,#3266);
#2805=AXIS2_PLACEMENT_3D('',#3989,#3268,#3269);
#2806=AXIS2_PLACEMENT_3D('',#3991,#3271,#3272);
#2807=AXIS2_PLACEMENT_3D('',#3992,#3273,#3274);
#2808=AXIS2_PLACEMENT_3D('',#3994,#3276,#3277);
#2809=AXIS2_PLACEMENT_3D('',#4001,#3281,#3282);
#2810=AXIS2_PLACEMENT_3D('',#4002,#3283,#3284);
#2811=AXIS2_PLACEMENT_3D('',#4004,#3286,#3287);
#2812=AXIS2_PLACEMENT_3D('',#4006,#3289,#3290);
#2813=AXIS2_PLACEMENT_3D('',#4007,#3291,#3292);
#2814=AXIS2_PLACEMENT_3D('',#4009,#3294,#3295);
#2815=AXIS2_PLACEMENT_3D('',#4016,#3299,#3300);
#2816=AXIS2_PLACEMENT_3D('',#4017,#3301,#3302);
#2817=AXIS2_PLACEMENT_3D('',#4019,#3304,#3305);
#2818=AXIS2_PLACEMENT_3D('',#4021,#3307,#3308);
#2819=AXIS2_PLACEMENT_3D('',#4022,#3309,#3310);
#2820=AXIS2_PLACEMENT_3D('',#4024,#3312,#3313);
#2821=AXIS2_PLACEMENT_3D('',#4026,#3315,#3316);
#2822=AXIS2_PLACEMENT_3D('',#4027,#3317,#3318);
#2823=AXIS2_PLACEMENT_3D('',#4028,#3319,#3320);
#2824=AXIS2_PLACEMENT_3D('',#4037,#3325,#3326);
#2825=AXIS2_PLACEMENT_3D('',#4071,#3343,#3344);
#2826=AXIS2_PLACEMENT_3D('',#4073,#3345,#3346);
#2827=AXIS2_PLACEMENT_3D('',#4075,#3347,#3348);
#2828=AXIS2_PLACEMENT_3D('',#4076,#3349,#3350);
#2829=AXIS2_PLACEMENT_3D('',#4110,#3367,#3368);
#2830=AXIS2_PLACEMENT_3D('',#4112,#3369,#3370);
#2831=AXIS2_PLACEMENT_3D('',#4114,#3371,#3372);
#2832=AXIS2_PLACEMENT_3D('',#4115,#3373,#3374);
#2833=AXIS2_PLACEMENT_3D('',#4121,#3378,#3379);
#2834=AXIS2_PLACEMENT_3D('',#4128,#3384,#3385);
#2835=AXIS2_PLACEMENT_3D('',#4132,#3388,#3389);
#2836=AXIS2_PLACEMENT_3D('',#4142,#3395,#3396);
#2837=AXIS2_PLACEMENT_3D('',#4145,#3399,#3400);
#2838=AXIS2_PLACEMENT_3D('',#4150,#3404,#3405);
#2839=AXIS2_PLACEMENT_3D('',#4152,#3407,#3408);
#2840=AXIS2_PLACEMENT_3D('',#4173,#3421,#3422);
#2841=AXIS2_PLACEMENT_3D('',#4175,#3423,#3424);
#2842=AXIS2_PLACEMENT_3D('',#4177,#3426,#3427);
#2843=AXIS2_PLACEMENT_3D('',#4183,#3431,#3432);
#2844=AXIS2_PLACEMENT_3D('',#4187,#3435,#3436);
#2845=AXIS2_PLACEMENT_3D('',#4191,#3439,#3440);
#2846=AXIS2_PLACEMENT_3D('',#4193,#3442,#3443);
#2847=AXIS2_PLACEMENT_3D('',#4195,#3444,#3445);
#2848=AXIS2_PLACEMENT_3D('',#4197,#3447,#3448);
#2849=AXIS2_PLACEMENT_3D('',#4201,#3451,#3452);
#2850=AXIS2_PLACEMENT_3D('',#4205,#3455,#3456);
#2851=AXIS2_PLACEMENT_3D('',#4207,#3458,#3459);
#2852=AXIS2_PLACEMENT_3D('',#4208,#3460,#3461);
#2853=AXIS2_PLACEMENT_3D('',#4210,#3462,#3463);
#2854=AXIS2_PLACEMENT_3D('',#4212,#3465,#3466);
#2855=AXIS2_PLACEMENT_3D('',#4218,#3470,#3471);
#2856=AXIS2_PLACEMENT_3D('',#4222,#3474,#3475);
#2857=AXIS2_PLACEMENT_3D('',#4226,#3478,#3479);
#2858=AXIS2_PLACEMENT_3D('',#4228,#3481,#3482);
#2859=AXIS2_PLACEMENT_3D('',#4230,#3483,#3484);
#2860=AXIS2_PLACEMENT_3D('',#4232,#3486,#3487);
#2861=AXIS2_PLACEMENT_3D('',#4236,#3490,#3491);
#2862=AXIS2_PLACEMENT_3D('',#4240,#3494,#3495);
#2863=AXIS2_PLACEMENT_3D('',#4242,#3497,#3498);
#2864=AXIS2_PLACEMENT_3D('',#4243,#3499,#3500);
#2865=AXIS2_PLACEMENT_3D('',#4245,#3501,#3502);
#2866=AXIS2_PLACEMENT_3D('',#4247,#3504,#3505);
#2867=AXIS2_PLACEMENT_3D('',#4251,#3508,#3509);
#2868=AXIS2_PLACEMENT_3D('',#4255,#3512,#3513);
#2869=AXIS2_PLACEMENT_3D('',#4257,#3515,#3516);
#2870=AXIS2_PLACEMENT_3D('',#4258,#3517,#3518);
#2871=AXIS2_PLACEMENT_3D('',#4260,#3519,#3520);
#2872=AXIS2_PLACEMENT_3D('',#4262,#3522,#3523);
#2873=AXIS2_PLACEMENT_3D('',#4268,#3527,#3528);
#2874=AXIS2_PLACEMENT_3D('',#4272,#3531,#3532);
#2875=AXIS2_PLACEMENT_3D('',#4276,#3535,#3536);
#2876=AXIS2_PLACEMENT_3D('',#4278,#3538,#3539);
#2877=AXIS2_PLACEMENT_3D('',#4284,#3543,#3544);
#2878=AXIS2_PLACEMENT_3D('',#4285,#3545,#3546);
#2879=AXIS2_PLACEMENT_3D('',#4287,#3548,#3549);
#2880=AXIS2_PLACEMENT_3D('',#4289,#3551,#3552);
#2881=AXIS2_PLACEMENT_3D('',#4300,#3553,#3554);
#2882=AXIS2_PLACEMENT_3D('',#4301,#3555,#3556);
#2883=DIRECTION('axis',(0.,0.,1.));
#2884=DIRECTION('refdir',(1.,0.,0.));
#2885=DIRECTION('axis',(0.,0.,1.));
#2886=DIRECTION('refdir',(1.,0.,0.));
#2887=DIRECTION('center_axis',(0.,1.,-5.2245789394125E-16));
#2888=DIRECTION('ref_axis',(0.,-5.2245789394125E-16,-1.));
#2889=DIRECTION('',(0.,5.2245789394125E-16,1.));
#2890=DIRECTION('',(1.,0.,0.));
#2891=DIRECTION('',(0.,-5.2245789394125E-16,-1.));
#2892=DIRECTION('',(-1.,0.,0.));
#2893=DIRECTION('',(0.,-5.2245789394125E-16,-1.));
#2894=DIRECTION('',(1.,0.,0.));
#2895=DIRECTION('center_axis',(1.,0.,0.));
#2896=DIRECTION('ref_axis',(0.,0.,-1.));
#2897=DIRECTION('',(0.,1.,0.));
#2898=DIRECTION('',(0.,0.,1.));
#2899=DIRECTION('',(0.,1.,0.));
#2900=DIRECTION('',(0.,0.,1.));
#2901=DIRECTION('',(0.,-1.,0.));
#2902=DIRECTION('',(0.,0.,1.));
#2903=DIRECTION('',(0.,-1.,0.));
#2904=DIRECTION('center_axis',(-1.,0.,0.));
#2905=DIRECTION('ref_axis',(0.,0.,1.));
#2906=DIRECTION('center_axis',(0.,0.,-1.));
#2907=DIRECTION('ref_axis',(-1.,-2.35501853708367E-16,0.));
#2908=DIRECTION('',(0.,-1.,0.));
#2909=DIRECTION('',(1.,0.,0.));
#2910=DIRECTION('',(0.,1.,0.));
#2911=DIRECTION('',(1.,0.,0.));
#2912=DIRECTION('',(-2.81961403079405E-16,1.,0.));
#2913=DIRECTION('',(1.,0.,0.));
#2914=DIRECTION('center_axis',(0.,0.,1.));
#2915=DIRECTION('ref_axis',(0.,1.,0.));
#2916=DIRECTION('',(0.,-1.,0.));
#2917=DIRECTION('',(1.,0.,0.));
#2918=DIRECTION('',(0.,1.,0.));
#2919=DIRECTION('',(-1.,0.,0.));
#2920=DIRECTION('center_axis',(0.,0.,-1.));
#2921=DIRECTION('ref_axis',(-1.,0.,0.));
#2922=DIRECTION('',(-1.,0.,0.));
#2923=DIRECTION('',(0.,-1.,0.));
#2924=DIRECTION('',(-1.,-2.86509167645202E-16,0.));
#2925=DIRECTION('',(0.,-1.,0.));
#2926=DIRECTION('center_axis',(0.,0.,-1.));
#2927=DIRECTION('ref_axis',(-1.,0.,0.));
#2928=DIRECTION('',(0.,-1.,0.));
#2929=DIRECTION('',(1.,1.43254583822601E-16,0.));
#2930=DIRECTION('',(0.,-1.,0.));
#2931=DIRECTION('center_axis',(-1.,0.,0.));
#2932=DIRECTION('ref_axis',(0.,1.,0.));
#2933=DIRECTION('',(0.,0.,-1.));
#2934=DIRECTION('',(0.,0.,-1.));
#2935=DIRECTION('',(0.,-1.,0.));
#2936=DIRECTION('center_axis',(-1.,0.,0.));
#2937=DIRECTION('ref_axis',(0.,1.,0.));
#2938=DIRECTION('',(0.,-1.,0.));
#2939=DIRECTION('',(0.,0.,-1.));
#2940=DIRECTION('center_axis',(1.,0.,0.));
#2941=DIRECTION('ref_axis',(0.,0.,-1.));
#2942=DIRECTION('',(0.,0.,1.));
#2943=DIRECTION('',(0.,0.,1.));
#2944=DIRECTION('',(0.,-1.,0.));
#2945=DIRECTION('',(0.,0.,-1.));
#2946=DIRECTION('',(0.,-1.,2.77555756156289E-16));
#2947=DIRECTION('',(0.,0.,-1.));
#2948=DIRECTION('',(0.,1.,0.));
#2949=DIRECTION('',(0.,0.,-1.));
#2950=DIRECTION('center_axis',(-1.,0.,0.));
#2951=DIRECTION('ref_axis',(0.,0.,1.));
#2952=DIRECTION('center_axis',(0.,0.,-1.));
#2953=DIRECTION('ref_axis',(0.707106781186541,-0.707106781186554,0.));
#2954=DIRECTION('center_axis',(0.,0.,1.));
#2955=DIRECTION('ref_axis',(0.707106781186541,-0.707106781186554,0.));
#2956=DIRECTION('',(0.,0.,-1.));
#2957=DIRECTION('center_axis',(0.,0.,-1.));
#2958=DIRECTION('ref_axis',(0.707106781186541,-0.707106781186554,0.));
#2959=DIRECTION('',(0.,0.,1.));
#2960=DIRECTION('center_axis',(1.,0.,0.));
#2961=DIRECTION('ref_axis',(0.,0.,-1.));
#2962=DIRECTION('',(0.,1.,0.));
#2963=DIRECTION('',(0.,0.,-1.));
#2964=DIRECTION('',(0.,-1.,0.));
#2965=DIRECTION('center_axis',(1.,0.,0.));
#2966=DIRECTION('ref_axis',(0.,0.,1.));
#2967=DIRECTION('center_axis',(0.,0.,1.));
#2968=DIRECTION('ref_axis',(0.707106781186541,0.707106781186554,0.));
#2969=DIRECTION('center_axis',(0.,0.,-1.));
#2970=DIRECTION('ref_axis',(0.707106781186541,0.707106781186554,0.));
#2971=DIRECTION('',(0.,0.,1.));
#2972=DIRECTION('center_axis',(0.,2.77555756156289E-16,1.));
#2973=DIRECTION('ref_axis',(0.707106781186541,0.707106781186554,0.));
#2974=DIRECTION('',(0.,0.,-1.));
#2975=DIRECTION('center_axis',(1.,0.,0.));
#2976=DIRECTION('ref_axis',(0.,0.,-1.));
#2977=DIRECTION('',(0.,-1.,0.));
#2978=DIRECTION('',(0.,0.,1.));
#2979=DIRECTION('',(0.,1.,-2.77555756156289E-16));
#2980=DIRECTION('center_axis',(1.,0.,0.));
#2981=DIRECTION('ref_axis',(0.,0.,1.));
#2982=DIRECTION('center_axis',(-1.,0.,0.));
#2983=DIRECTION('ref_axis',(0.,0.,1.));
#2984=DIRECTION('',(1.,0.,0.));
#2985=DIRECTION('center_axis',(0.,2.77555756156289E-16,1.));
#2986=DIRECTION('ref_axis',(0.,1.,-2.77555756156289E-16));
#2987=DIRECTION('',(1.,2.35501853708367E-16,-6.53648950822335E-32));
#2988=DIRECTION('',(-1.,0.,0.));
#2989=DIRECTION('center_axis',(0.,-1.,0.));
#2990=DIRECTION('ref_axis',(0.,0.,1.));
#2991=DIRECTION('',(-1.,0.,0.));
#2992=DIRECTION('center_axis',(0.,0.,-1.));
#2993=DIRECTION('ref_axis',(0.,-1.,0.));
#2994=DIRECTION('',(-1.,-2.35501853708367E-16,0.));
#2995=DIRECTION('center_axis',(-1.,0.,0.));
#2996=DIRECTION('ref_axis',(0.,0.,1.));
#2997=DIRECTION('',(1.,0.,0.));
#2998=DIRECTION('center_axis',(0.,0.,-1.));
#2999=DIRECTION('ref_axis',(0.,-1.,0.));
#3000=DIRECTION('',(1.,1.00929365875014E-16,0.));
#3001=DIRECTION('',(-1.,0.,0.));
#3002=DIRECTION('center_axis',(0.,1.,0.));
#3003=DIRECTION('ref_axis',(0.,0.,-1.));
#3004=DIRECTION('',(-1.,0.,0.));
#3005=DIRECTION('center_axis',(0.,0.,1.));
#3006=DIRECTION('ref_axis',(0.,1.,0.));
#3007=DIRECTION('',(-1.,-1.00929365875014E-16,0.));
#3008=DIRECTION('center_axis',(2.35501853708367E-16,-1.,0.));
#3009=DIRECTION('ref_axis',(-1.,-2.35501853708367E-16,0.));
#3010=DIRECTION('',(1.,2.35501853708367E-16,0.));
#3011=DIRECTION('',(0.,0.,-1.));
#3012=DIRECTION('',(-1.,-2.35501853708367E-16,0.));
#3013=DIRECTION('',(0.,0.,1.));
#3014=DIRECTION('',(1.,2.35501853708367E-16,0.));
#3015=DIRECTION('',(0.,0.,-1.));
#3016=DIRECTION('',(-1.,-2.35501853708367E-16,0.));
#3017=DIRECTION('',(0.,0.,1.));
#3018=DIRECTION('',(1.,2.35501853708367E-16,0.));
#3019=DIRECTION('',(0.,0.,-1.));
#3020=DIRECTION('',(-1.,-2.35501853708367E-16,0.));
#3021=DIRECTION('',(0.,0.,1.));
#3022=DIRECTION('',(1.,2.35501853708367E-16,0.));
#3023=DIRECTION('',(0.,0.,-1.));
#3024=DIRECTION('',(-1.,-2.35501853708367E-16,0.));
#3025=DIRECTION('',(0.,0.,-1.));
#3026=DIRECTION('',(-1.,-2.35501853708367E-16,0.));
#3027=DIRECTION('',(0.,0.,-1.));
#3028=DIRECTION('center_axis',(-1.00929365875014E-16,1.,0.));
#3029=DIRECTION('ref_axis',(1.,1.00929365875014E-16,0.));
#3030=DIRECTION('',(0.,0.,1.));
#3031=DIRECTION('',(1.,1.00929365875014E-16,0.));
#3032=DIRECTION('',(0.,0.,-1.));
#3033=DIRECTION('',(1.,1.00929365875014E-16,0.));
#3034=DIRECTION('',(0.,0.,1.));
#3035=DIRECTION('',(-1.,-1.00929365875014E-16,0.));
#3036=DIRECTION('',(0.,0.,-1.));
#3037=DIRECTION('',(1.,1.00929365875014E-16,0.));
#3038=DIRECTION('',(0.,0.,1.));
#3039=DIRECTION('',(-1.,-1.00929365875014E-16,0.));
#3040=DIRECTION('',(0.,0.,-1.));
#3041=DIRECTION('',(1.,1.00929365875014E-16,0.));
#3042=DIRECTION('',(0.,0.,1.));
#3043=DIRECTION('',(-1.,-1.00929365875014E-16,0.));
#3044=DIRECTION('',(0.,0.,-1.));
#3045=DIRECTION('',(1.,1.00929365875014E-16,0.));
#3046=DIRECTION('',(0.,0.,1.));
#3047=DIRECTION('',(-1.,-1.00929365875014E-16,0.));
#3048=DIRECTION('center_axis',(0.,1.,0.));
#3049=DIRECTION('ref_axis',(0.,0.,1.));
#3050=DIRECTION('',(0.,0.,1.));
#3051=DIRECTION('',(1.,0.,0.));
#3052=DIRECTION('center_axis',(1.,0.,0.));
#3053=DIRECTION('ref_axis',(0.,0.,-1.));
#3054=DIRECTION('',(0.,0.,1.));
#3055=DIRECTION('',(0.,-1.,0.));
#3056=DIRECTION('center_axis',(1.,0.,0.));
#3057=DIRECTION('ref_axis',(0.,0.,-1.));
#3058=DIRECTION('center_axis',(1.,2.81961403079405E-16,0.));
#3059=DIRECTION('ref_axis',(0.,0.,-1.));
#3060=DIRECTION('',(1.,0.,0.));
#3061=DIRECTION('center_axis',(-1.,0.,0.));
#3062=DIRECTION('ref_axis',(0.,0.,-1.));
#3063=DIRECTION('center_axis',(1.,0.,0.));
#3064=DIRECTION('ref_axis',(0.,0.,-1.));
#3065=DIRECTION('center_axis',(1.,2.81961403079405E-16,0.));
#3066=DIRECTION('ref_axis',(0.,0.,-1.));
#3067=DIRECTION('',(1.,0.,0.));
#3068=DIRECTION('center_axis',(-1.,0.,0.));
#3069=DIRECTION('ref_axis',(0.,0.,-1.));
#3070=DIRECTION('center_axis',(1.43254583822601E-16,-1.,0.));
#3071=DIRECTION('ref_axis',(-1.,-1.43254583822601E-16,0.));
#3072=DIRECTION('',(1.,1.43254583822601E-16,0.));
#3073=DIRECTION('',(0.,0.,-1.));
#3074=DIRECTION('',(1.,1.43254583822601E-16,0.));
#3075=DIRECTION('',(0.,0.,-1.));
#3076=DIRECTION('',(0.,0.,-1.));
#3077=DIRECTION('center_axis',(1.,0.,0.));
#3078=DIRECTION('ref_axis',(0.,0.,-1.));
#3079=DIRECTION('',(-3.22973970800046E-16,1.,0.));
#3080=DIRECTION('',(0.,0.,1.));
#3081=DIRECTION('',(0.,0.,1.));
#3082=DIRECTION('center_axis',(-2.86509167645202E-16,1.,0.));
#3083=DIRECTION('ref_axis',(1.,2.86509167645202E-16,0.));
#3084=DIRECTION('',(-1.,-2.86509167645202E-16,0.));
#3085=DIRECTION('',(0.,0.,-1.));
#3086=DIRECTION('',(1.,3.22322813600852E-16,0.));
#3087=DIRECTION('',(0.,0.,-1.));
#3088=DIRECTION('',(-1.,-2.86509167645202E-16,0.));
#3089=DIRECTION('',(0.,0.,-1.));
#3090=DIRECTION('',(0.,0.,-1.));
#3091=DIRECTION('',(-1.,-2.86509167645202E-16,0.));
#3092=DIRECTION('center_axis',(-1.,0.,0.));
#3093=DIRECTION('ref_axis',(0.,1.,0.));
#3094=DIRECTION('',(0.,1.,0.));
#3095=DIRECTION('',(0.,1.,0.));
#3096=DIRECTION('center_axis',(0.,0.,1.));
#3097=DIRECTION('ref_axis',(1.,0.,0.));
#3098=DIRECTION('',(0.,1.,0.));
#3099=DIRECTION('',(-5.55111512312578E-16,1.,0.));
#3100=DIRECTION('',(1.,0.,0.));
#3101=DIRECTION('',(5.55111512312579E-16,-1.,0.));
#3102=DIRECTION('center_axis',(0.,0.,-1.));
#3103=DIRECTION('ref_axis',(1.,0.,0.));
#3104=DIRECTION('center_axis',(0.,0.,-1.));
#3105=DIRECTION('ref_axis',(1.,0.,0.));
#3106=DIRECTION('center_axis',(0.,0.,-1.));
#3107=DIRECTION('ref_axis',(1.,0.,0.));
#3108=DIRECTION('center_axis',(0.,0.,-1.));
#3109=DIRECTION('ref_axis',(1.,0.,0.));
#3110=DIRECTION('center_axis',(0.,0.,-1.));
#3111=DIRECTION('ref_axis',(1.,0.,0.));
#3112=DIRECTION('center_axis',(-1.,-5.55111512312578E-16,0.));
#3113=DIRECTION('ref_axis',(-5.55111512312578E-16,1.,0.));
#3114=DIRECTION('',(5.55111512312578E-16,-1.,0.));
#3115=DIRECTION('',(0.,0.,-1.));
#3116=DIRECTION('center_axis',(1.,5.55111512312579E-16,0.));
#3117=DIRECTION('ref_axis',(5.55111512312579E-16,-1.,0.));
#3118=DIRECTION('',(0.,0.,-1.));
#3119=DIRECTION('',(-5.55111512312579E-16,1.,0.));
#3120=DIRECTION('center_axis',(0.,1.,0.));
#3121=DIRECTION('ref_axis',(1.,0.,0.));
#3122=DIRECTION('',(-1.,0.,0.));
#3123=DIRECTION('center_axis',(0.,0.,-1.));
#3124=DIRECTION('ref_axis',(1.,0.,0.));
#3125=DIRECTION('',(0.,0.,-1.));
#3126=DIRECTION('center_axis',(0.,0.,1.));
#3127=DIRECTION('ref_axis',(1.,0.,0.));
#3128=DIRECTION('center_axis',(0.,0.,-1.));
#3129=DIRECTION('ref_axis',(1.,0.,0.));
#3130=DIRECTION('',(0.,0.,-1.));
#3131=DIRECTION('center_axis',(0.,0.,1.));
#3132=DIRECTION('ref_axis',(1.,0.,0.));
#3133=DIRECTION('center_axis',(0.,0.,-1.));
#3134=DIRECTION('ref_axis',(-1.,0.,0.));
#3135=DIRECTION('center_axis',(0.,0.,1.));
#3136=DIRECTION('ref_axis',(-1.,0.,0.));
#3137=DIRECTION('center_axis',(0.,0.,1.));
#3138=DIRECTION('ref_axis',(-1.,0.,0.));
#3139=DIRECTION('',(0.,0.,-1.));
#3140=DIRECTION('center_axis',(0.,0.,-1.));
#3141=DIRECTION('ref_axis',(-1.,0.,0.));
#3142=DIRECTION('center_axis',(0.,0.,1.));
#3143=DIRECTION('ref_axis',(-1.,0.,0.));
#3144=DIRECTION('center_axis',(0.,0.,1.));
#3145=DIRECTION('ref_axis',(-1.,0.,0.));
#3146=DIRECTION('',(0.,0.,-1.));
#3147=DIRECTION('center_axis',(0.,0.,-1.));
#3148=DIRECTION('ref_axis',(-1.,0.,0.));
#3149=DIRECTION('center_axis',(0.,0.,1.));
#3150=DIRECTION('ref_axis',(-1.,0.,0.));
#3151=DIRECTION('center_axis',(0.,0.,1.));
#3152=DIRECTION('ref_axis',(-1.,0.,0.));
#3153=DIRECTION('',(0.,0.,-1.));
#3154=DIRECTION('center_axis',(0.,0.,1.));
#3155=DIRECTION('ref_axis',(1.,0.,0.));
#3156=DIRECTION('',(1.11022302462516E-15,1.,0.));
#3157=DIRECTION('',(-1.,5.55111512312578E-16,0.));
#3158=DIRECTION('',(0.,-1.,0.));
#3159=DIRECTION('',(0.,1.,0.));
#3160=DIRECTION('',(-1.,0.,0.));
#3161=DIRECTION('',(4.85722573273506E-16,-1.,0.));
#3162=DIRECTION('',(-1.11022302462516E-15,1.,0.));
#3163=DIRECTION('',(-1.,-1.66533453693774E-15,0.));
#3164=DIRECTION('',(0.,-1.,0.));
#3165=DIRECTION('',(0.,-1.,0.));
#3166=DIRECTION('center_axis',(0.,0.,-1.));
#3167=DIRECTION('ref_axis',(-1.,0.,0.));
#3168=DIRECTION('center_axis',(0.,0.,-1.));
#3169=DIRECTION('ref_axis',(-1.,0.,0.));
#3170=DIRECTION('center_axis',(0.,0.,-1.));
#3171=DIRECTION('ref_axis',(-1.,0.,0.));
#3172=DIRECTION('center_axis',(0.,0.,1.));
#3173=DIRECTION('ref_axis',(1.,0.,0.));
#3174=DIRECTION('',(-1.,0.,0.));
#3175=DIRECTION('',(0.,-1.,0.));
#3176=DIRECTION('',(0.,-1.,0.));
#3177=DIRECTION('',(1.,-1.66533453693774E-15,0.));
#3178=DIRECTION('',(1.11022302462516E-15,1.,0.));
#3179=DIRECTION('',(-2.77555756156289E-16,-1.,0.));
#3180=DIRECTION('',(1.,0.,0.));
#3181=DIRECTION('',(-2.08166817117217E-16,1.,0.));
#3182=DIRECTION('',(1.11022302462516E-15,-1.,0.));
#3183=DIRECTION('',(1.,5.55111512312578E-16,0.));
#3184=DIRECTION('',(-1.11022302462516E-15,1.,0.));
#3185=DIRECTION('center_axis',(0.,0.,-1.));
#3186=DIRECTION('ref_axis',(-1.,0.,0.));
#3187=DIRECTION('center_axis',(0.,0.,-1.));
#3188=DIRECTION('ref_axis',(-1.,0.,0.));
#3189=DIRECTION('center_axis',(0.,0.,-1.));
#3190=DIRECTION('ref_axis',(-1.,0.,0.));
#3191=DIRECTION('center_axis',(1.,0.,0.));
#3192=DIRECTION('ref_axis',(0.,-1.,0.));
#3193=DIRECTION('',(0.,-1.,0.));
#3194=DIRECTION('center_axis',(0.,0.,-1.));
#3195=DIRECTION('ref_axis',(-1.,0.,0.));
#3196=DIRECTION('',(0.,-1.,0.));
#3197=DIRECTION('',(0.,-1.,0.));
#3198=DIRECTION('center_axis',(1.,0.,0.));
#3199=DIRECTION('ref_axis',(0.,-1.,0.));
#3200=DIRECTION('center_axis',(1.,0.,0.));
#3201=DIRECTION('ref_axis',(0.,-1.,0.));
#3202=DIRECTION('center_axis',(0.,-1.,0.));
#3203=DIRECTION('ref_axis',(-1.,0.,0.));
#3204=DIRECTION('center_axis',(0.,0.,1.));
#3205=DIRECTION('ref_axis',(1.,0.,0.));
#3206=DIRECTION('',(-1.11022302462516E-15,-1.,0.));
#3207=DIRECTION('',(-1.,1.66533453693774E-15,0.));
#3208=DIRECTION('',(0.,1.,0.));
#3209=DIRECTION('center_axis',(0.,0.,1.));
#3210=DIRECTION('ref_axis',(-1.,0.,0.));
#3211=DIRECTION('center_axis',(1.,-1.11022302462516E-15,0.));
#3212=DIRECTION('ref_axis',(-1.11022302462516E-15,-1.,0.));
#3213=DIRECTION('',(0.,0.,-1.));
#3214=DIRECTION('center_axis',(-1.66533453693774E-15,-1.,0.));
#3215=DIRECTION('ref_axis',(-1.,1.66533453693774E-15,0.));
#3216=DIRECTION('',(0.,0.,-1.));
#3217=DIRECTION('center_axis',(-1.,0.,0.));
#3218=DIRECTION('ref_axis',(0.,1.,0.));
#3219=DIRECTION('center_axis',(0.,0.,-1.));
#3220=DIRECTION('ref_axis',(-1.,0.,0.));
#3221=DIRECTION('',(0.,0.,1.));
#3222=DIRECTION('center_axis',(0.,0.,1.));
#3223=DIRECTION('ref_axis',(1.,0.,0.));
#3224=DIRECTION('',(0.,1.,0.));
#3225=DIRECTION('',(1.,1.66533453693774E-15,0.));
#3226=DIRECTION('',(1.11022302462516E-15,-1.,0.));
#3227=DIRECTION('center_axis',(0.,0.,1.));
#3228=DIRECTION('ref_axis',(-1.,0.,0.));
#3229=DIRECTION('center_axis',(-1.,0.,0.));
#3230=DIRECTION('ref_axis',(0.,1.,0.));
#3231=DIRECTION('',(0.,0.,-1.));
#3232=DIRECTION('center_axis',(-1.66533453693774E-15,1.,0.));
#3233=DIRECTION('ref_axis',(1.,1.66533453693774E-15,0.));
#3234=DIRECTION('',(0.,0.,-1.));
#3235=DIRECTION('center_axis',(1.,1.11022302462516E-15,0.));
#3236=DIRECTION('ref_axis',(1.11022302462516E-15,-1.,0.));
#3237=DIRECTION('center_axis',(0.,0.,-1.));
#3238=DIRECTION('ref_axis',(-1.,0.,0.));
#3239=DIRECTION('',(0.,0.,1.));
#3240=DIRECTION('center_axis',(0.,0.,1.));
#3241=DIRECTION('ref_axis',(1.,0.,0.));
#3242=DIRECTION('',(0.,1.,0.));
#3243=DIRECTION('',(1.,-5.55111512312578E-16,0.));
#3244=DIRECTION('',(-1.11022302462516E-15,-1.,0.));
#3245=DIRECTION('center_axis',(0.,0.,1.));
#3246=DIRECTION('ref_axis',(-1.,0.,0.));
#3247=DIRECTION('center_axis',(-1.,0.,0.));
#3248=DIRECTION('ref_axis',(0.,1.,0.));
#3249=DIRECTION('',(0.,0.,-1.));
#3250=DIRECTION('center_axis',(5.55111512312578E-16,1.,0.));
#3251=DIRECTION('ref_axis',(1.,-5.55111512312578E-16,0.));
#3252=DIRECTION('',(0.,0.,-1.));
#3253=DIRECTION('center_axis',(1.,-1.11022302462516E-15,0.));
#3254=DIRECTION('ref_axis',(-1.11022302462516E-15,-1.,0.));
#3255=DIRECTION('center_axis',(0.,0.,-1.));
#3256=DIRECTION('ref_axis',(-1.,0.,0.));
#3257=DIRECTION('',(0.,0.,1.));
#3258=DIRECTION('center_axis',(0.,0.,1.));
#3259=DIRECTION('ref_axis',(1.,0.,0.));
#3260=DIRECTION('',(2.08166817117217E-16,-1.,0.));
#3261=DIRECTION('',(-1.,0.,0.));
#3262=DIRECTION('',(2.77555756156289E-16,1.,0.));
#3263=DIRECTION('center_axis',(0.,0.,1.));
#3264=DIRECTION('ref_axis',(-1.,0.,0.));
#3265=DIRECTION('center_axis',(1.,2.08166817117217E-16,0.));
#3266=DIRECTION('ref_axis',(2.08166817117217E-16,-1.,0.));
#3267=DIRECTION('',(0.,0.,-1.));
#3268=DIRECTION('center_axis',(0.,-1.,0.));
#3269=DIRECTION('ref_axis',(-1.,0.,0.));
#3270=DIRECTION('',(0.,0.,-1.));
#3271=DIRECTION('center_axis',(-1.,2.77555756156289E-16,0.));
#3272=DIRECTION('ref_axis',(2.77555756156289E-16,1.,0.));
#3273=DIRECTION('center_axis',(0.,0.,-1.));
#3274=DIRECTION('ref_axis',(-1.,0.,0.));
#3275=DIRECTION('',(0.,0.,1.));
#3276=DIRECTION('center_axis',(0.,0.,1.));
#3277=DIRECTION('ref_axis',(1.,0.,0.));
#3278=DIRECTION('',(1.11022302462516E-15,-1.,0.));
#3279=DIRECTION('',(-1.,-5.55111512312578E-16,0.));
#3280=DIRECTION('',(-1.11022302462516E-15,1.,0.));
#3281=DIRECTION('center_axis',(0.,0.,1.));
#3282=DIRECTION('ref_axis',(-1.,0.,0.));
#3283=DIRECTION('center_axis',(1.,1.11022302462516E-15,0.));
#3284=DIRECTION('ref_axis',(1.11022302462516E-15,-1.,0.));
#3285=DIRECTION('',(0.,0.,-1.));
#3286=DIRECTION('center_axis',(5.55111512312578E-16,-1.,0.));
#3287=DIRECTION('ref_axis',(-1.,-5.55111512312578E-16,0.));
#3288=DIRECTION('',(0.,0.,-1.));
#3289=DIRECTION('center_axis',(-1.,-1.11022302462516E-15,0.));
#3290=DIRECTION('ref_axis',(-1.11022302462516E-15,1.,0.));
#3291=DIRECTION('center_axis',(0.,0.,-1.));
#3292=DIRECTION('ref_axis',(-1.,0.,0.));
#3293=DIRECTION('',(0.,0.,1.));
#3294=DIRECTION('center_axis',(0.,0.,1.));
#3295=DIRECTION('ref_axis',(1.,0.,0.));
#3296=DIRECTION('',(-4.85722573273506E-16,1.,0.));
#3297=DIRECTION('',(1.,0.,0.));
#3298=DIRECTION('',(0.,-1.,0.));
#3299=DIRECTION('center_axis',(0.,0.,1.));
#3300=DIRECTION('ref_axis',(-1.,0.,0.));
#3301=DIRECTION('center_axis',(-1.,-4.85722573273506E-16,0.));
#3302=DIRECTION('ref_axis',(-4.85722573273506E-16,1.,0.));
#3303=DIRECTION('',(0.,0.,-1.));
#3304=DIRECTION('center_axis',(0.,1.,0.));
#3305=DIRECTION('ref_axis',(1.,0.,0.));
#3306=DIRECTION('',(0.,0.,-1.));
#3307=DIRECTION('center_axis',(1.,0.,0.));
#3308=DIRECTION('ref_axis',(0.,-1.,0.));
#3309=DIRECTION('center_axis',(0.,0.,-1.));
#3310=DIRECTION('ref_axis',(-1.,0.,0.));
#3311=DIRECTION('',(0.,0.,1.));
#3312=DIRECTION('center_axis',(0.,0.,-1.));
#3313=DIRECTION('ref_axis',(-1.,0.,0.));
#3314=DIRECTION('',(2.81961403079405E-16,-1.,0.));
#3315=DIRECTION('center_axis',(-1.,-2.81961403079405E-16,0.));
#3316=DIRECTION('ref_axis',(0.,0.,1.));
#3317=DIRECTION('axis',(0.,0.,1.));
#3318=DIRECTION('refdir',(1.,0.,0.));
#3319=DIRECTION('center_axis',(0.,0.,-1.));
#3320=DIRECTION('ref_axis',(-1.,0.,0.));
#3321=DIRECTION('',(-1.,0.,0.));
#3322=DIRECTION('',(0.,-1.,0.));
#3323=DIRECTION('',(1.,0.,0.));
#3324=DIRECTION('',(0.,1.,0.));
#3325=DIRECTION('center_axis',(0.,0.,1.));
#3326=DIRECTION('ref_axis',(1.,0.,0.));
#3327=DIRECTION('',(-1.,0.,0.));
#3328=DIRECTION('',(0.,-1.,0.));
#3329=DIRECTION('',(1.,5.96537744574711E-16,0.));
#3330=DIRECTION('',(0.,-1.,0.));
#3331=DIRECTION('',(1.,5.55111512312578E-16,0.));
#3332=DIRECTION('',(-1.11022302462516E-15,1.,0.));
#3333=DIRECTION('',(1.,5.96537744574711E-16,0.));
#3334=DIRECTION('',(-8.32667268468867E-16,-1.,0.));
#3335=DIRECTION('',(1.,0.,0.));
#3336=DIRECTION('',(1.38777878078145E-15,1.,0.));
#3337=DIRECTION('',(1.,5.96537744574711E-16,0.));
#3338=DIRECTION('',(-5.55111512312578E-16,-1.,0.));
#3339=DIRECTION('',(1.,-2.77555756156289E-15,0.));
#3340=DIRECTION('',(1.11022302462515E-15,1.,0.));
#3341=DIRECTION('',(1.,5.96537744574711E-16,0.));
#3342=DIRECTION('',(0.,1.,0.));
#3343=DIRECTION('center_axis',(0.,0.,-1.));
#3344=DIRECTION('ref_axis',(-1.,0.,0.));
#3345=DIRECTION('center_axis',(0.,0.,-1.));
#3346=DIRECTION('ref_axis',(-1.,0.,0.));
#3347=DIRECTION('center_axis',(0.,0.,-1.));
#3348=DIRECTION('ref_axis',(-1.,0.,0.));
#3349=DIRECTION('center_axis',(0.,0.,1.));
#3350=DIRECTION('ref_axis',(1.,0.,0.));
#3351=DIRECTION('',(1.,0.,0.));
#3352=DIRECTION('',(0.,1.,0.));
#3353=DIRECTION('',(-1.,0.,0.));
#3354=DIRECTION('',(-1.11022302462515E-15,1.,0.));
#3355=DIRECTION('',(-1.,-2.77555756156289E-15,0.));
#3356=DIRECTION('',(5.55111512312578E-16,-1.,0.));
#3357=DIRECTION('',(-1.,0.,0.));
#3358=DIRECTION('',(-1.38777878078145E-15,1.,0.));
#3359=DIRECTION('',(-1.,0.,0.));
#3360=DIRECTION('',(8.32667268468867E-16,-1.,0.));
#3361=DIRECTION('',(-1.,0.,0.));
#3362=DIRECTION('',(1.11022302462516E-15,1.,0.));
#3363=DIRECTION('',(-1.,5.55111512312578E-16,0.));
#3364=DIRECTION('',(0.,-1.,0.));
#3365=DIRECTION('',(-1.,0.,0.));
#3366=DIRECTION('',(0.,-1.,0.));
#3367=DIRECTION('center_axis',(0.,0.,-1.));
#3368=DIRECTION('ref_axis',(-1.,0.,0.));
#3369=DIRECTION('center_axis',(0.,0.,-1.));
#3370=DIRECTION('ref_axis',(-1.,0.,0.));
#3371=DIRECTION('center_axis',(0.,0.,-1.));
#3372=DIRECTION('ref_axis',(-1.,0.,0.));
#3373=DIRECTION('center_axis',(1.,0.,0.));
#3374=DIRECTION('ref_axis',(0.,-1.,0.));
#3375=DIRECTION('',(0.,0.,-1.));
#3376=DIRECTION('',(0.,-1.,0.));
#3377=DIRECTION('',(0.,0.,-1.));
#3378=DIRECTION('center_axis',(0.,1.,0.));
#3379=DIRECTION('ref_axis',(1.,0.,0.));
#3380=DIRECTION('',(0.,0.,-1.));
#3381=DIRECTION('',(-1.,0.,0.));
#3382=DIRECTION('',(0.,0.,-1.));
#3383=DIRECTION('',(0.,0.,1.));
#3384=DIRECTION('center_axis',(-1.,0.,0.));
#3385=DIRECTION('ref_axis',(0.,1.,0.));
#3386=DIRECTION('',(0.,0.,-1.));
#3387=DIRECTION('',(0.,-1.,0.));
#3388=DIRECTION('center_axis',(0.,0.,-1.));
#3389=DIRECTION('ref_axis',(-1.,0.,0.));
#3390=DIRECTION('',(0.,-1.,0.));
#3391=DIRECTION('',(0.,-1.,0.));
#3392=DIRECTION('',(1.,0.,0.));
#3393=DIRECTION('',(-2.81961403079405E-16,1.,0.));
#3394=DIRECTION('',(-1.,-5.96537744574711E-16,0.));
#3395=DIRECTION('center_axis',(1.,0.,0.));
#3396=DIRECTION('ref_axis',(0.,-1.,0.));
#3397=DIRECTION('',(0.,0.,-1.));
#3398=DIRECTION('',(0.,0.,1.));
#3399=DIRECTION('center_axis',(0.,-1.,0.));
#3400=DIRECTION('ref_axis',(-1.,0.,0.));
#3401=DIRECTION('',(0.,0.,-1.));
#3402=DIRECTION('',(1.,0.,0.));
#3403=DIRECTION('',(0.,0.,-1.));
#3404=DIRECTION('center_axis',(1.,0.,0.));
#3405=DIRECTION('ref_axis',(0.,-1.,0.));
#3406=DIRECTION('',(0.,1.,0.));
#3407=DIRECTION('center_axis',(5.96537744574711E-16,-1.,0.));
#3408=DIRECTION('ref_axis',(-1.,-5.96537744574711E-16,0.));
#3409=DIRECTION('',(0.,0.,-1.));
#3410=DIRECTION('',(-1.,-5.96537744574711E-16,0.));
#3411=DIRECTION('',(0.,0.,-1.));
#3412=DIRECTION('',(0.,0.,-1.));
#3413=DIRECTION('',(-1.,-5.96537744574711E-16,0.));
#3414=DIRECTION('',(0.,0.,1.));
#3415=DIRECTION('',(0.,0.,-1.));
#3416=DIRECTION('',(-1.,-5.96537744574711E-16,0.));
#3417=DIRECTION('',(0.,0.,1.));
#3418=DIRECTION('',(0.,0.,-1.));
#3419=DIRECTION('',(-1.,-5.96537744574711E-16,0.));
#3420=DIRECTION('',(0.,0.,1.));
#3421=DIRECTION('center_axis',(0.,0.,-1.));
#3422=DIRECTION('ref_axis',(-1.,0.,0.));
#3423=DIRECTION('center_axis',(0.,0.,1.));
#3424=DIRECTION('ref_axis',(-1.,0.,0.));
#3425=DIRECTION('',(0.,0.,1.));
#3426=DIRECTION('center_axis',(1.,1.11022302462515E-15,0.));
#3427=DIRECTION('ref_axis',(1.11022302462515E-15,-1.,0.));
#3428=DIRECTION('',(0.,0.,1.));
#3429=DIRECTION('',(1.11022302462515E-15,-1.,0.));
#3430=DIRECTION('',(0.,0.,-1.));
#3431=DIRECTION('center_axis',(-2.77555756156289E-15,1.,0.));
#3432=DIRECTION('ref_axis',(1.,2.77555756156289E-15,0.));
#3433=DIRECTION('',(1.,2.77555756156289E-15,0.));
#3434=DIRECTION('',(0.,0.,-1.));
#3435=DIRECTION('center_axis',(-1.,-5.55111512312578E-16,0.));
#3436=DIRECTION('ref_axis',(-5.55111512312578E-16,1.,0.));
#3437=DIRECTION('',(-5.55111512312578E-16,1.,0.));
#3438=DIRECTION('',(0.,0.,-1.));
#3439=DIRECTION('center_axis',(0.,0.,1.));
#3440=DIRECTION('ref_axis',(1.,0.,0.));
#3441=DIRECTION('',(1.,0.,0.));
#3442=DIRECTION('center_axis',(0.,0.,-1.));
#3443=DIRECTION('ref_axis',(-1.,0.,0.));
#3444=DIRECTION('center_axis',(0.,0.,1.));
#3445=DIRECTION('ref_axis',(-1.,0.,0.));
#3446=DIRECTION('',(0.,0.,1.));
#3447=DIRECTION('center_axis',(-1.,5.55111512312578E-16,0.));
#3448=DIRECTION('ref_axis',(5.55111512312578E-16,1.,0.));
#3449=DIRECTION('',(5.55111512312578E-16,1.,0.));
#3450=DIRECTION('',(0.,0.,-1.));
#3451=DIRECTION('center_axis',(-2.77555756156289E-15,-1.,0.));
#3452=DIRECTION('ref_axis',(-1.,2.77555756156289E-15,0.));
#3453=DIRECTION('',(-1.,2.77555756156289E-15,0.));
#3454=DIRECTION('',(0.,0.,-1.));
#3455=DIRECTION('center_axis',(1.,-1.11022302462515E-15,0.));
#3456=DIRECTION('ref_axis',(-1.11022302462515E-15,-1.,0.));
#3457=DIRECTION('',(-1.11022302462515E-15,-1.,0.));
#3458=DIRECTION('center_axis',(0.,0.,1.));
#3459=DIRECTION('ref_axis',(1.,0.,0.));
#3460=DIRECTION('center_axis',(0.,0.,-1.));
#3461=DIRECTION('ref_axis',(-1.,0.,0.));
#3462=DIRECTION('center_axis',(0.,0.,1.));
#3463=DIRECTION('ref_axis',(-1.,0.,0.));
#3464=DIRECTION('',(0.,0.,1.));
#3465=DIRECTION('center_axis',(1.,1.38777878078145E-15,0.));
#3466=DIRECTION('ref_axis',(1.38777878078145E-15,-1.,0.));
#3467=DIRECTION('',(0.,0.,1.));
#3468=DIRECTION('',(1.38777878078145E-15,-1.,0.));
#3469=DIRECTION('',(0.,0.,-1.));
#3470=DIRECTION('center_axis',(0.,1.,0.));
#3471=DIRECTION('ref_axis',(1.,0.,0.));
#3472=DIRECTION('',(1.,0.,0.));
#3473=DIRECTION('',(0.,0.,-1.));
#3474=DIRECTION('center_axis',(-1.,-8.32667268468867E-16,0.));
#3475=DIRECTION('ref_axis',(-8.32667268468867E-16,1.,0.));
#3476=DIRECTION('',(-8.32667268468867E-16,1.,0.));
#3477=DIRECTION('',(0.,0.,-1.));
#3478=DIRECTION('center_axis',(0.,0.,1.));
#3479=DIRECTION('ref_axis',(1.,0.,0.));
#3480=DIRECTION('',(1.,0.,0.));
#3481=DIRECTION('center_axis',(0.,0.,-1.));
#3482=DIRECTION('ref_axis',(-1.,0.,0.));
#3483=DIRECTION('center_axis',(0.,0.,1.));
#3484=DIRECTION('ref_axis',(-1.,0.,0.));
#3485=DIRECTION('',(0.,0.,1.));
#3486=DIRECTION('center_axis',(-1.,0.,0.));
#3487=DIRECTION('ref_axis',(0.,1.,0.));
#3488=DIRECTION('',(0.,1.,0.));
#3489=DIRECTION('',(0.,0.,-1.));
#3490=DIRECTION('center_axis',(5.55111512312578E-16,-1.,0.));
#3491=DIRECTION('ref_axis',(-1.,-5.55111512312578E-16,0.));
#3492=DIRECTION('',(-1.,-5.55111512312578E-16,0.));
#3493=DIRECTION('',(0.,0.,-1.));
#3494=DIRECTION('center_axis',(1.,1.11022302462516E-15,0.));
#3495=DIRECTION('ref_axis',(1.11022302462516E-15,-1.,0.));
#3496=DIRECTION('',(1.11022302462516E-15,-1.,0.));
#3497=DIRECTION('center_axis',(0.,0.,1.));
#3498=DIRECTION('ref_axis',(1.,0.,0.));
#3499=DIRECTION('center_axis',(0.,0.,-1.));
#3500=DIRECTION('ref_axis',(-1.,0.,0.));
#3501=DIRECTION('center_axis',(0.,0.,1.));
#3502=DIRECTION('ref_axis',(-1.,0.,0.));
#3503=DIRECTION('',(0.,0.,1.));
#3504=DIRECTION('center_axis',(-1.,8.32667268468867E-16,0.));
#3505=DIRECTION('ref_axis',(8.32667268468867E-16,1.,0.));
#3506=DIRECTION('',(8.32667268468867E-16,1.,0.));
#3507=DIRECTION('',(0.,0.,-1.));
#3508=DIRECTION('center_axis',(0.,-1.,0.));
#3509=DIRECTION('ref_axis',(-1.,0.,0.));
#3510=DIRECTION('',(-1.,0.,0.));
#3511=DIRECTION('',(0.,0.,-1.));
#3512=DIRECTION('center_axis',(1.,-1.38777878078145E-15,0.));
#3513=DIRECTION('ref_axis',(-1.38777878078145E-15,-1.,0.));
#3514=DIRECTION('',(-1.38777878078145E-15,-1.,0.));
#3515=DIRECTION('center_axis',(0.,0.,1.));
#3516=DIRECTION('ref_axis',(1.,0.,0.));
#3517=DIRECTION('center_axis',(0.,0.,-1.));
#3518=DIRECTION('ref_axis',(-1.,0.,0.));
#3519=DIRECTION('center_axis',(0.,0.,1.));
#3520=DIRECTION('ref_axis',(-1.,0.,0.));
#3521=DIRECTION('',(0.,0.,1.));
#3522=DIRECTION('center_axis',(1.,-1.11022302462516E-15,0.));
#3523=DIRECTION('ref_axis',(-1.11022302462516E-15,-1.,0.));
#3524=DIRECTION('',(0.,0.,1.));
#3525=DIRECTION('',(-1.11022302462516E-15,-1.,0.));
#3526=DIRECTION('',(0.,0.,-1.));
#3527=DIRECTION('center_axis',(5.55111512312578E-16,1.,0.));
#3528=DIRECTION('ref_axis',(1.,-5.55111512312578E-16,0.));
#3529=DIRECTION('',(1.,-5.55111512312578E-16,0.));
#3530=DIRECTION('',(0.,0.,-1.));
#3531=DIRECTION('center_axis',(-1.,0.,0.));
#3532=DIRECTION('ref_axis',(0.,1.,0.));
#3533=DIRECTION('',(0.,1.,0.));
#3534=DIRECTION('',(0.,0.,-1.));
#3535=DIRECTION('center_axis',(0.,0.,1.));
#3536=DIRECTION('ref_axis',(1.,0.,0.));
#3537=DIRECTION('',(1.,0.,0.));
#3538=DIRECTION('center_axis',(0.,1.,0.));
#3539=DIRECTION('ref_axis',(1.,0.,0.));
#3540=DIRECTION('',(0.,0.,-1.));
#3541=DIRECTION('',(1.,0.,0.));
#3542=DIRECTION('',(0.,0.,-1.));
#3543=DIRECTION('center_axis',(0.,0.,1.));
#3544=DIRECTION('ref_axis',(1.,0.,0.));
#3545=DIRECTION('center_axis',(1.,0.,0.));
#3546=DIRECTION('ref_axis',(0.,-1.,0.));
#3547=DIRECTION('',(0.,-1.,0.));
#3548=DIRECTION('center_axis',(-1.,-2.81961403079405E-16,0.));
#3549=DIRECTION('ref_axis',(-2.81961403079405E-16,1.,0.));
#3550=DIRECTION('',(-2.81961403079405E-16,1.,0.));
#3551=DIRECTION('center_axis',(0.,0.,-1.));
#3552=DIRECTION('ref_axis',(-1.,0.,0.));
#3553=DIRECTION('',(-1.3684555315672E-48,6.78320999522654E-17,1.));
#3554=DIRECTION('',(1.,-1.43254583822601E-16,9.71725924847484E-33));
#3555=DIRECTION('',(6.56058716539652E-32,-6.78320999522655E-17,-1.));
#3556=DIRECTION('',(1.,-2.36370063307291E-15,2.259406492538E-31));
#3557=CARTESIAN_POINT('',(0.,0.,0.));
#3558=CARTESIAN_POINT('',(0.,0.,0.));
#3559=CARTESIAN_POINT('Origin',(96.,25.,0.));
#3560=CARTESIAN_POINT('',(62.,25.,-26.5));
#3561=CARTESIAN_POINT('',(62.,25.,0.));
#3562=CARTESIAN_POINT('',(62.,25.,-1.37145197159578E-14));
#3563=CARTESIAN_POINT('',(49.,25.,-26.5));
#3564=CARTESIAN_POINT('',(75.5,25.,-26.5));
#3565=CARTESIAN_POINT('',(49.,25.,-27.5));
#3566=CARTESIAN_POINT('',(49.,25.,-27.5));
#3567=CARTESIAN_POINT('',(96.,25.,-27.5));
#3568=CARTESIAN_POINT('',(81.,25.,-27.5));
#3569=CARTESIAN_POINT('',(96.,25.,0.));
#3570=CARTESIAN_POINT('',(96.,25.,-6.87500000000001));
#3571=CARTESIAN_POINT('',(48.,25.,0.));
#3572=CARTESIAN_POINT('Origin',(96.,1.33226762955019E-14,-13.75));
#3573=CARTESIAN_POINT('',(96.,31.5,-27.5));
#3574=CARTESIAN_POINT('',(96.,-31.5,-27.5));
#3575=CARTESIAN_POINT('',(96.,31.5,-21.));
#3576=CARTESIAN_POINT('',(96.,31.5,-27.5));
#3577=CARTESIAN_POINT('',(96.,39.5,-21.));
#3578=CARTESIAN_POINT('',(96.,31.5,-21.));
#3579=CARTESIAN_POINT('',(96.,39.5,-13.));
#3580=CARTESIAN_POINT('',(96.,39.5,-21.));
#3581=CARTESIAN_POINT('',(96.,31.5,-13.));
#3582=CARTESIAN_POINT('',(96.,39.5,-13.));
#3583=CARTESIAN_POINT('',(96.,31.5,0.));
#3584=CARTESIAN_POINT('',(96.,31.5,-27.5));
#3585=CARTESIAN_POINT('',(96.,31.5,0.));
#3586=CARTESIAN_POINT('',(96.,35.5,-18.35));
#3587=CARTESIAN_POINT('Origin',(96.,35.5,-17.));
#3588=CARTESIAN_POINT('Origin',(66.,-31.5,-27.5));
#3589=CARTESIAN_POINT('',(49.,-20.,-27.5));
#3590=CARTESIAN_POINT('',(49.,-4.49999999999999,-27.5));
#3591=CARTESIAN_POINT('',(96.,-20.,-27.5));
#3592=CARTESIAN_POINT('',(81.,-20.,-27.5));
#3593=CARTESIAN_POINT('',(96.,-31.5,-27.5));
#3594=CARTESIAN_POINT('',(96.,-31.5,-27.5));
#3595=CARTESIAN_POINT('',(48.,-31.5,-27.5));
#3596=CARTESIAN_POINT('',(66.,-31.5,-27.5));
#3597=CARTESIAN_POINT('',(48.,31.5,-27.5));
#3598=CARTESIAN_POINT('',(48.,-31.5,-27.5));
#3599=CARTESIAN_POINT('',(66.,31.5,-27.5));
#3600=CARTESIAN_POINT('Origin',(96.,-20.,-25.5875));
#3601=CARTESIAN_POINT('',(66.,-19.9964273126397,-25.5875));
#3602=CARTESIAN_POINT('',(66.,-20.,-25.5875));
#3603=CARTESIAN_POINT('',(66.,15.75,-25.5875));
#3604=CARTESIAN_POINT('',(96.,-19.9964273126397,-25.5875));
#3605=CARTESIAN_POINT('',(66.,-19.9964273126397,-25.5875));
#3606=CARTESIAN_POINT('',(96.,-20.,-25.5875));
#3607=CARTESIAN_POINT('',(96.,-9.99999999999999,-25.5875));
#3608=CARTESIAN_POINT('',(96.,-20.,-25.5875));
#3609=CARTESIAN_POINT('Origin',(55.,1.33226762955019E-14,-26.5));
#3610=CARTESIAN_POINT('',(62.,-20.,-26.5));
#3611=CARTESIAN_POINT('',(49.,-20.,-26.5));
#3612=CARTESIAN_POINT('',(75.5,-20.,-26.5));
#3613=CARTESIAN_POINT('',(49.,-27.5,-26.5));
#3614=CARTESIAN_POINT('',(49.,1.33226762955019E-14,-26.5));
#3615=CARTESIAN_POINT('',(62.,-27.5,-26.5));
#3616=CARTESIAN_POINT('',(-62.,-27.5,-26.5));
#3617=CARTESIAN_POINT('',(62.,-27.5,-26.5));
#3618=CARTESIAN_POINT('Origin',(55.,1.33226762955019E-14,-26.5));
#3619=CARTESIAN_POINT('',(62.,27.5,-26.5));
#3620=CARTESIAN_POINT('',(62.,-27.5,-26.5));
#3621=CARTESIAN_POINT('',(49.,27.5,-26.5));
#3622=CARTESIAN_POINT('',(62.,27.5,-26.5));
#3623=CARTESIAN_POINT('',(49.,1.33226762955019E-14,-26.5));
#3624=CARTESIAN_POINT('Origin',(62.,-27.5,0.));
#3625=CARTESIAN_POINT('',(62.,-20.,0.));
#3626=CARTESIAN_POINT('',(62.,-20.,0.));
#3627=CARTESIAN_POINT('',(62.,-27.5,0.));
#3628=CARTESIAN_POINT('',(62.,-27.5,0.));
#3629=CARTESIAN_POINT('',(62.,27.5,0.));
#3630=CARTESIAN_POINT('Origin',(62.,-27.5,0.));
#3631=CARTESIAN_POINT('',(62.,27.5,0.));
#3632=CARTESIAN_POINT('',(62.,27.5,0.));
#3633=CARTESIAN_POINT('',(62.,27.5,-10.5));
#3634=CARTESIAN_POINT('Origin',(96.,1.33226762955019E-14,-13.75));
#3635=CARTESIAN_POINT('',(96.,-20.,-20.625));
#3636=CARTESIAN_POINT('',(96.,-19.9964273126397,0.));
#3637=CARTESIAN_POINT('',(96.,-19.9964273126397,-27.5));
#3638=CARTESIAN_POINT('',(96.,-31.5,0.));
#3639=CARTESIAN_POINT('',(96.,-19.9964273126397,0.));
#3640=CARTESIAN_POINT('',(96.,-31.5,-13.));
#3641=CARTESIAN_POINT('',(96.,-31.5,0.));
#3642=CARTESIAN_POINT('',(96.,-39.5,-13.));
#3643=CARTESIAN_POINT('',(96.,-31.5,-13.));
#3644=CARTESIAN_POINT('',(96.,-39.5,-21.));
#3645=CARTESIAN_POINT('',(96.,-39.5,-13.));
#3646=CARTESIAN_POINT('',(96.,-31.5,-21.));
#3647=CARTESIAN_POINT('',(96.,-39.5,-21.));
#3648=CARTESIAN_POINT('',(96.,-31.5,0.));
#3649=CARTESIAN_POINT('',(96.,-35.5,-18.35));
#3650=CARTESIAN_POINT('Origin',(96.,-35.5,-17.));
#3651=CARTESIAN_POINT('Origin',(90.,32.5,-8.5));
#3652=CARTESIAN_POINT('',(90.,31.5,-13.));
#3653=CARTESIAN_POINT('',(91.,32.5,-13.));
#3654=CARTESIAN_POINT('Origin',(90.,32.5,-13.));
#3655=CARTESIAN_POINT('',(91.,32.5,-21.));
#3656=CARTESIAN_POINT('',(91.,32.5,-8.5));
#3657=CARTESIAN_POINT('',(90.,31.5,-21.));
#3658=CARTESIAN_POINT('Origin',(90.,32.5,-21.));
#3659=CARTESIAN_POINT('',(90.,31.5,-8.5));
#3660=CARTESIAN_POINT('Origin',(91.,35.5,-17.));
#3661=CARTESIAN_POINT('',(91.,39.5,-13.));
#3662=CARTESIAN_POINT('',(91.,39.5,-13.));
#3663=CARTESIAN_POINT('',(91.,39.5,-21.));
#3664=CARTESIAN_POINT('',(91.,39.5,-21.));
#3665=CARTESIAN_POINT('',(91.,31.5,-21.));
#3666=CARTESIAN_POINT('',(91.,35.5,-18.35));
#3667=CARTESIAN_POINT('Origin',(91.,35.5,-17.));
#3668=CARTESIAN_POINT('Origin',(90.,-32.5,-8.5));
#3669=CARTESIAN_POINT('',(90.,-31.5,-21.));
#3670=CARTESIAN_POINT('',(91.,-32.5,-21.));
#3671=CARTESIAN_POINT('Origin',(90.,-32.5,-21.));
#3672=CARTESIAN_POINT('',(91.,-32.5,-13.));
#3673=CARTESIAN_POINT('',(91.,-32.5,-8.5));
#3674=CARTESIAN_POINT('',(90.,-31.5,-13.));
#3675=CARTESIAN_POINT('Origin',(90.,-32.5,-13.));
#3676=CARTESIAN_POINT('',(90.,-31.5,-8.5));
#3677=CARTESIAN_POINT('Origin',(91.,-35.5,-17.));
#3678=CARTESIAN_POINT('',(91.,-39.5,-21.));
#3679=CARTESIAN_POINT('',(91.,-39.5,-21.));
#3680=CARTESIAN_POINT('',(91.,-39.5,-13.));
#3681=CARTESIAN_POINT('',(91.,-39.5,-13.));
#3682=CARTESIAN_POINT('',(91.,-31.5,-13.));
#3683=CARTESIAN_POINT('',(91.,-35.5,-18.35));
#3684=CARTESIAN_POINT('Origin',(91.,-35.5,-17.));
#3685=CARTESIAN_POINT('Origin',(96.,-35.5,-17.));
#3686=CARTESIAN_POINT('',(96.,-35.5,-18.35));
#3687=CARTESIAN_POINT('Origin',(96.,-39.5,-13.));
#3688=CARTESIAN_POINT('',(81.,-31.5,-13.));
#3689=CARTESIAN_POINT('',(96.,-39.5,-13.));
#3690=CARTESIAN_POINT('Origin',(96.,-39.5,-21.));
#3691=CARTESIAN_POINT('',(96.,-39.5,-21.));
#3692=CARTESIAN_POINT('Origin',(96.,-31.5,-21.));
#3693=CARTESIAN_POINT('',(81.,-31.5,-21.));
#3694=CARTESIAN_POINT('Origin',(96.,35.5,-17.));
#3695=CARTESIAN_POINT('',(96.,35.5,-18.35));
#3696=CARTESIAN_POINT('Origin',(96.,39.5,-21.));
#3697=CARTESIAN_POINT('',(15.,31.5,-21.));
#3698=CARTESIAN_POINT('',(96.,39.5,-21.));
#3699=CARTESIAN_POINT('Origin',(96.,39.5,-13.));
#3700=CARTESIAN_POINT('',(96.,39.5,-13.));
#3701=CARTESIAN_POINT('Origin',(96.,31.5,-13.));
#3702=CARTESIAN_POINT('',(15.,31.5,-13.));
#3703=CARTESIAN_POINT('Origin',(66.,-31.5,0.));
#3704=CARTESIAN_POINT('',(43.4866267361472,-31.5,0.));
#3705=CARTESIAN_POINT('',(-66.,-31.5,0.));
#3706=CARTESIAN_POINT('',(43.4866267361472,-31.5,-5.));
#3707=CARTESIAN_POINT('',(43.4866267361472,-31.5,0.));
#3708=CARTESIAN_POINT('',(35.4866267361472,-31.5,-5.));
#3709=CARTESIAN_POINT('',(52.7433133680736,-31.5,-5.));
#3710=CARTESIAN_POINT('',(35.4866267361472,-31.5,0.));
#3711=CARTESIAN_POINT('',(35.4866267361472,-31.5,0.));
#3712=CARTESIAN_POINT('',(3.,-31.5,0.));
#3713=CARTESIAN_POINT('',(-66.,-31.5,0.));
#3714=CARTESIAN_POINT('',(3.,-31.5,-5.));
#3715=CARTESIAN_POINT('',(3.00000000000001,-31.5,0.));
#3716=CARTESIAN_POINT('',(-4.99999999999999,-31.5,-5.));
#3717=CARTESIAN_POINT('',(32.5,-31.5,-5.));
#3718=CARTESIAN_POINT('',(-4.99999999999999,-31.5,0.));
#3719=CARTESIAN_POINT('',(-4.99999999999999,-31.5,0.));
#3720=CARTESIAN_POINT('',(-43.9193079874485,-31.5,0.));
#3721=CARTESIAN_POINT('',(-66.,-31.5,0.));
#3722=CARTESIAN_POINT('',(-43.9193079874485,-31.5,-5.));
#3723=CARTESIAN_POINT('',(-43.9193079874485,-31.5,0.));
#3724=CARTESIAN_POINT('',(-51.9193079874486,-31.5,-5.));
#3725=CARTESIAN_POINT('',(9.04034600627573,-31.5,-5.));
#3726=CARTESIAN_POINT('',(-51.9193079874486,-31.5,0.));
#3727=CARTESIAN_POINT('',(-51.9193079874486,-31.5,0.));
#3728=CARTESIAN_POINT('',(-62.,-31.5,0.));
#3729=CARTESIAN_POINT('',(-66.,-31.5,0.));
#3730=CARTESIAN_POINT('',(-62.,-31.5,-10.));
#3731=CARTESIAN_POINT('',(-62.,-31.5,0.));
#3732=CARTESIAN_POINT('',(-66.,-31.5,-10.));
#3733=CARTESIAN_POINT('',(1.,-31.5,-10.));
#3734=CARTESIAN_POINT('',(-66.,-31.5,-11.5));
#3735=CARTESIAN_POINT('',(-66.,-31.5,0.));
#3736=CARTESIAN_POINT('',(48.,-31.5,-11.5));
#3737=CARTESIAN_POINT('',(-66.,-31.5,-11.5));
#3738=CARTESIAN_POINT('',(48.,-31.5,-11.5));
#3739=CARTESIAN_POINT('Origin',(-66.,31.5,0.));
#3740=CARTESIAN_POINT('',(48.,31.5,-11.5));
#3741=CARTESIAN_POINT('',(48.,31.5,-11.5));
#3742=CARTESIAN_POINT('',(-66.,31.5,-11.5));
#3743=CARTESIAN_POINT('',(66.,31.5,-11.5));
#3744=CARTESIAN_POINT('',(-66.,31.5,-10.));
#3745=CARTESIAN_POINT('',(-66.,31.5,0.));
#3746=CARTESIAN_POINT('',(-62.,31.5,-10.));
#3747=CARTESIAN_POINT('',(-65.,31.5,-10.));
#3748=CARTESIAN_POINT('',(-62.,31.5,0.));
#3749=CARTESIAN_POINT('',(-62.,31.5,0.));
#3750=CARTESIAN_POINT('',(-51.9193079874486,31.5,0.));
#3751=CARTESIAN_POINT('',(66.,31.5,0.));
#3752=CARTESIAN_POINT('',(-51.9193079874486,31.5,-5.));
#3753=CARTESIAN_POINT('',(-51.9193079874486,31.5,0.));
#3754=CARTESIAN_POINT('',(-43.9193079874486,31.5,-5.));
#3755=CARTESIAN_POINT('',(-56.9596539937243,31.5,-5.));
#3756=CARTESIAN_POINT('',(-43.9193079874486,31.5,0.));
#3757=CARTESIAN_POINT('',(-43.9193079874485,31.5,0.));
#3758=CARTESIAN_POINT('',(-5.,31.5,0.));
#3759=CARTESIAN_POINT('',(66.,31.5,0.));
#3760=CARTESIAN_POINT('',(-5.,31.5,-5.));
#3761=CARTESIAN_POINT('',(-5.,31.5,0.));
#3762=CARTESIAN_POINT('',(3.,31.5,-5.));
#3763=CARTESIAN_POINT('',(-33.5,31.5,-5.));
#3764=CARTESIAN_POINT('',(3.,31.5,0.));
#3765=CARTESIAN_POINT('',(3.,31.5,0.));
#3766=CARTESIAN_POINT('',(35.4866267361472,31.5,0.));
#3767=CARTESIAN_POINT('',(66.,31.5,0.));
#3768=CARTESIAN_POINT('',(35.4866267361472,31.5,-5.));
#3769=CARTESIAN_POINT('',(35.4866267361472,31.5,0.));
#3770=CARTESIAN_POINT('',(43.4866267361472,31.5,-5.));
#3771=CARTESIAN_POINT('',(-13.2566866319264,31.5,-5.));
#3772=CARTESIAN_POINT('',(43.4866267361472,31.5,0.));
#3773=CARTESIAN_POINT('',(43.4866267361472,31.5,0.));
#3774=CARTESIAN_POINT('',(66.,31.5,0.));
#3775=CARTESIAN_POINT('Origin',(66.,-19.9964273126397,-25.5875));
#3776=CARTESIAN_POINT('',(66.,-19.9964273126397,0.));
#3777=CARTESIAN_POINT('',(66.,-19.9964273126397,-27.5));
#3778=CARTESIAN_POINT('',(66.,-19.9964273126397,0.));
#3779=CARTESIAN_POINT('Origin',(66.,1.33226762955019E-14,-13.75));
#3780=CARTESIAN_POINT('',(66.,-20.,0.));
#3781=CARTESIAN_POINT('',(66.,-20.,0.));
#3782=CARTESIAN_POINT('',(66.,-19.9964273126397,0.));
#3783=CARTESIAN_POINT('Origin',(66.,-13.400831893744,-19.415));
#3784=CARTESIAN_POINT('',(48.,-13.400831893744,-17.59));
#3785=CARTESIAN_POINT('Origin',(48.,-13.400831893744,-19.415));
#3786=CARTESIAN_POINT('',(49.,-13.400831893744,-17.59));
#3787=CARTESIAN_POINT('',(66.,-13.400831893744,-17.59));
#3788=CARTESIAN_POINT('Origin',(49.,-13.400831893744,-19.415));
#3789=CARTESIAN_POINT('Origin',(66.,19.919168106256,-19.415));
#3790=CARTESIAN_POINT('',(48.,19.919168106256,-17.59));
#3791=CARTESIAN_POINT('Origin',(48.,19.919168106256,-19.415));
#3792=CARTESIAN_POINT('',(49.,19.919168106256,-17.59));
#3793=CARTESIAN_POINT('',(66.,19.919168106256,-17.59));
#3794=CARTESIAN_POINT('Origin',(49.,19.919168106256,-19.415));
#3795=CARTESIAN_POINT('Origin',(62.,27.5,0.));
#3796=CARTESIAN_POINT('',(-62.,27.5,-10.5));
#3797=CARTESIAN_POINT('',(49.,27.5,-10.5));
#3798=CARTESIAN_POINT('',(55.25,27.5,-10.5));
#3799=CARTESIAN_POINT('',(49.,27.5,-5.75));
#3800=CARTESIAN_POINT('',(-62.,27.5,0.));
#3801=CARTESIAN_POINT('',(-62.,27.5,0.));
#3802=CARTESIAN_POINT('',(-62.,27.5,-10.));
#3803=CARTESIAN_POINT('',(-62.,27.5,0.));
#3804=CARTESIAN_POINT('',(-62.,27.5,0.));
#3805=CARTESIAN_POINT('Origin',(49.,1.33226762955019E-14,-19.));
#3806=CARTESIAN_POINT('',(49.,-27.5,-10.5));
#3807=CARTESIAN_POINT('',(49.,-27.5,-10.5));
#3808=CARTESIAN_POINT('',(49.,-27.5,-5.75));
#3809=CARTESIAN_POINT('',(49.,-20.,-25.5875));
#3810=CARTESIAN_POINT('Origin',(-62.,-27.5,0.));
#3811=CARTESIAN_POINT('',(17.,-27.5,-10.5));
#3812=CARTESIAN_POINT('',(-31.,-27.5,-10.5));
#3813=CARTESIAN_POINT('',(17.,-27.5,-11.5));
#3814=CARTESIAN_POINT('',(17.,-27.5,0.));
#3815=CARTESIAN_POINT('',(-15.,-27.5,-11.5));
#3816=CARTESIAN_POINT('',(8.50000000000001,-27.5,-11.5));
#3817=CARTESIAN_POINT('',(-15.,-27.5,-10.5));
#3818=CARTESIAN_POINT('',(-15.,-27.5,0.));
#3819=CARTESIAN_POINT('',(-62.,-27.5,-10.5));
#3820=CARTESIAN_POINT('',(-31.,-27.5,-10.5));
#3821=CARTESIAN_POINT('',(-62.,-27.5,-10.));
#3822=CARTESIAN_POINT('',(-62.,-27.5,0.));
#3823=CARTESIAN_POINT('',(-62.,-27.5,0.));
#3824=CARTESIAN_POINT('',(-62.,-27.5,0.));
#3825=CARTESIAN_POINT('',(62.,-27.5,0.));
#3826=CARTESIAN_POINT('Origin',(-66.,-31.5,0.));
#3827=CARTESIAN_POINT('',(-66.,-15.75,-10.));
#3828=CARTESIAN_POINT('',(-66.,31.5,-11.5));
#3829=CARTESIAN_POINT('Origin',(0.,-1.77635683940025E-14,-10.5));
#3830=CARTESIAN_POINT('',(-62.,13.75,-10.5));
#3831=CARTESIAN_POINT('',(-15.,-11.5,-10.5));
#3832=CARTESIAN_POINT('',(-15.,-13.75,-10.5));
#3833=CARTESIAN_POINT('',(17.,-11.5,-10.5));
#3834=CARTESIAN_POINT('',(-7.5,-11.5,-10.5));
#3835=CARTESIAN_POINT('',(17.,-5.75,-10.5));
#3836=CARTESIAN_POINT('',(13.8,24.4,-10.5));
#3837=CARTESIAN_POINT('Origin',(12.8,24.4,-10.5));
#3838=CARTESIAN_POINT('',(-45.7,-22.7,-10.5));
#3839=CARTESIAN_POINT('Origin',(-46.7,-22.7,-10.5));
#3840=CARTESIAN_POINT('',(-8.2,24.4,-10.5));
#3841=CARTESIAN_POINT('Origin',(-9.2,24.4,-10.5));
#3842=CARTESIAN_POINT('',(-57.15,-22.7,-10.5));
#3843=CARTESIAN_POINT('Origin',(-55.7,-22.7,-10.5));
#3844=CARTESIAN_POINT('',(-57.15,24.4,-10.5));
#3845=CARTESIAN_POINT('Origin',(-55.7,24.4,-10.5));
#3846=CARTESIAN_POINT('Origin',(-15.,-27.5,0.));
#3847=CARTESIAN_POINT('',(-15.,-11.5,-11.5));
#3848=CARTESIAN_POINT('',(-15.,-13.75,-11.5));
#3849=CARTESIAN_POINT('',(-15.,-11.5,0.));
#3850=CARTESIAN_POINT('Origin',(17.,-11.5,0.));
#3851=CARTESIAN_POINT('',(17.,-11.5,-11.5));
#3852=CARTESIAN_POINT('',(17.,-11.5,0.));
#3853=CARTESIAN_POINT('',(17.,-5.74999999999999,-11.5));
#3854=CARTESIAN_POINT('Origin',(-15.,-11.5,0.));
#3855=CARTESIAN_POINT('',(-7.5,-11.5,-11.5));
#3856=CARTESIAN_POINT('Origin',(-55.7,24.4,0.));
#3857=CARTESIAN_POINT('',(-57.15,24.4,-11.5));
#3858=CARTESIAN_POINT('',(-57.15,24.4,0.));
#3859=CARTESIAN_POINT('Origin',(-55.7,24.4,-11.5));
#3860=CARTESIAN_POINT('Origin',(-55.7,-22.7,0.));
#3861=CARTESIAN_POINT('',(-57.15,-22.7,-11.5));
#3862=CARTESIAN_POINT('',(-57.15,-22.7,0.));
#3863=CARTESIAN_POINT('Origin',(-55.7,-22.7,-11.5));
#3864=CARTESIAN_POINT('Origin',(-46.7,-22.7,-9.5));
#3865=CARTESIAN_POINT('',(-45.7,-22.7,-9.5));
#3866=CARTESIAN_POINT('Origin',(-46.7,-22.7,-9.5));
#3867=CARTESIAN_POINT('Origin',(-46.7,-22.7,-11.5));
#3868=CARTESIAN_POINT('',(-45.7,-22.7,-11.5));
#3869=CARTESIAN_POINT('Origin',(12.8,24.4,-9.5));
#3870=CARTESIAN_POINT('',(13.8,24.4,-9.5));
#3871=CARTESIAN_POINT('Origin',(12.8,24.4,-9.5));
#3872=CARTESIAN_POINT('Origin',(12.8,24.4,-11.5));
#3873=CARTESIAN_POINT('',(13.8,24.4,-11.5));
#3874=CARTESIAN_POINT('Origin',(-9.2,24.4,-9.5));
#3875=CARTESIAN_POINT('',(-8.2,24.4,-9.5));
#3876=CARTESIAN_POINT('Origin',(-9.2,24.4,-9.5));
#3877=CARTESIAN_POINT('Origin',(-9.2,24.4,-11.5));
#3878=CARTESIAN_POINT('',(-8.2,24.4,-11.5));
#3879=CARTESIAN_POINT('Origin',(0.,-2.22044604925031E-15,0.));
#3880=CARTESIAN_POINT('',(43.4866267361472,39.5,0.));
#3881=CARTESIAN_POINT('',(43.4866267361472,31.5,0.));
#3882=CARTESIAN_POINT('',(35.4866267361472,39.5,0.));
#3883=CARTESIAN_POINT('',(43.4866267361472,39.5,0.));
#3884=CARTESIAN_POINT('',(35.4866267361472,39.5,0.));
#3885=CARTESIAN_POINT('',(3.,39.5,0.));
#3886=CARTESIAN_POINT('',(3.,31.5,0.));
#3887=CARTESIAN_POINT('',(-5.,39.5,0.));
#3888=CARTESIAN_POINT('',(3.,39.5,0.));
#3889=CARTESIAN_POINT('',(-5.,39.5,0.));
#3890=CARTESIAN_POINT('',(-43.9193079874486,39.5,0.));
#3891=CARTESIAN_POINT('',(-43.9193079874486,31.5,0.));
#3892=CARTESIAN_POINT('',(-51.9193079874486,39.5,0.));
#3893=CARTESIAN_POINT('',(-43.9193079874486,39.5,0.));
#3894=CARTESIAN_POINT('',(-51.9193079874486,39.5,0.));
#3895=CARTESIAN_POINT('',(-62.,15.75,0.));
#3896=CARTESIAN_POINT('',(0.350000000000006,35.5,0.));
#3897=CARTESIAN_POINT('Origin',(-0.999999999999994,35.5,0.));
#3898=CARTESIAN_POINT('',(40.8366267361472,35.5,0.));
#3899=CARTESIAN_POINT('Origin',(39.4866267361472,35.5,0.));
#3900=CARTESIAN_POINT('',(-46.5693079874486,35.5,0.));
#3901=CARTESIAN_POINT('Origin',(-47.9193079874486,35.5,0.));
#3902=CARTESIAN_POINT('Origin',(0.,-2.22044604925031E-15,0.));
#3903=CARTESIAN_POINT('',(33.,-20.,0.));
#3904=CARTESIAN_POINT('',(-62.,15.75,0.));
#3905=CARTESIAN_POINT('',(-51.9193079874486,-39.5,0.));
#3906=CARTESIAN_POINT('',(-51.9193079874486,-31.5,0.));
#3907=CARTESIAN_POINT('',(-43.9193079874486,-39.5,0.));
#3908=CARTESIAN_POINT('',(-51.9193079874486,-39.5,0.));
#3909=CARTESIAN_POINT('',(-43.9193079874486,-39.5,0.));
#3910=CARTESIAN_POINT('',(-4.99999999999999,-39.5,0.));
#3911=CARTESIAN_POINT('',(-4.99999999999999,-31.5,0.));
#3912=CARTESIAN_POINT('',(3.00000000000001,-39.5,0.));
#3913=CARTESIAN_POINT('',(-4.99999999999999,-39.5,0.));
#3914=CARTESIAN_POINT('',(3.00000000000001,-39.5,0.));
#3915=CARTESIAN_POINT('',(35.4866267361472,-39.5,0.));
#3916=CARTESIAN_POINT('',(35.4866267361472,-31.5,0.));
#3917=CARTESIAN_POINT('',(43.4866267361472,-39.5,0.));
#3918=CARTESIAN_POINT('',(35.4866267361472,-39.5,0.));
#3919=CARTESIAN_POINT('',(43.4866267361472,-39.5,0.));
#3920=CARTESIAN_POINT('',(40.8366267361472,-35.5,0.));
#3921=CARTESIAN_POINT('Origin',(39.4866267361472,-35.5,0.));
#3922=CARTESIAN_POINT('',(0.350000000000004,-35.5,0.));
#3923=CARTESIAN_POINT('Origin',(-0.999999999999994,-35.5,0.));
#3924=CARTESIAN_POINT('',(-46.5693079874486,-35.5,0.));
#3925=CARTESIAN_POINT('Origin',(-47.9193079874486,-35.5,0.));
#3926=CARTESIAN_POINT('Origin',(-62.,27.5,0.));
#3927=CARTESIAN_POINT('',(-62.,13.75,-10.));
#3928=CARTESIAN_POINT('Origin',(-64.,-8.88178419700125E-15,-10.));
#3929=CARTESIAN_POINT('',(-62.,-31.5,-10.));
#3930=CARTESIAN_POINT('',(-62.,-31.5,-10.));
#3931=CARTESIAN_POINT('Origin',(-62.,31.5,0.));
#3932=CARTESIAN_POINT('Origin',(-62.,31.5,0.));
#3933=CARTESIAN_POINT('Origin',(66.,-20.,0.));
#3934=CARTESIAN_POINT('Origin',(-47.9193079874485,-35.5,-5.));
#3935=CARTESIAN_POINT('',(-43.9193079874486,-39.5,-5.));
#3936=CARTESIAN_POINT('',(-43.9193079874486,-39.5,-5.));
#3937=CARTESIAN_POINT('',(-51.9193079874486,-39.5,-5.));
#3938=CARTESIAN_POINT('',(-51.9193079874486,-39.5,-5.));
#3939=CARTESIAN_POINT('',(-51.9193079874486,-31.5,-5.));
#3940=CARTESIAN_POINT('',(-46.5693079874486,-35.5,-5.));
#3941=CARTESIAN_POINT('Origin',(-47.9193079874486,-35.5,-5.));
#3942=CARTESIAN_POINT('Origin',(-43.9193079874485,-31.5,0.));
#3943=CARTESIAN_POINT('',(-43.9193079874486,-39.5,0.));
#3944=CARTESIAN_POINT('Origin',(-43.9193079874486,-39.5,0.));
#3945=CARTESIAN_POINT('',(-51.9193079874486,-39.5,0.));
#3946=CARTESIAN_POINT('Origin',(-51.9193079874486,-39.5,0.));
#3947=CARTESIAN_POINT('Origin',(-47.9193079874486,-35.5,0.));
#3948=CARTESIAN_POINT('',(-46.5693079874486,-35.5,0.));
#3949=CARTESIAN_POINT('Origin',(-47.9193079874486,35.5,-5.));
#3950=CARTESIAN_POINT('',(-51.9193079874486,39.5,-5.));
#3951=CARTESIAN_POINT('',(-51.9193079874486,39.5,-5.));
#3952=CARTESIAN_POINT('',(-43.9193079874486,39.5,-5.));
#3953=CARTESIAN_POINT('',(-43.9193079874486,39.5,-5.));
#3954=CARTESIAN_POINT('',(-43.9193079874486,31.5,-5.));
#3955=CARTESIAN_POINT('',(-46.5693079874486,35.5,-5.));
#3956=CARTESIAN_POINT('Origin',(-47.9193079874486,35.5,-5.));
#3957=CARTESIAN_POINT('Origin',(-51.9193079874486,31.5,0.));
#3958=CARTESIAN_POINT('',(-51.9193079874486,39.5,0.));
#3959=CARTESIAN_POINT('Origin',(-51.9193079874486,39.5,0.));
#3960=CARTESIAN_POINT('',(-43.9193079874486,39.5,0.));
#3961=CARTESIAN_POINT('Origin',(-43.9193079874486,39.5,0.));
#3962=CARTESIAN_POINT('Origin',(-47.9193079874486,35.5,0.));
#3963=CARTESIAN_POINT('',(-46.5693079874486,35.5,0.));
#3964=CARTESIAN_POINT('Origin',(39.4866267361472,35.5,-5.));
#3965=CARTESIAN_POINT('',(35.4866267361472,39.5,-5.));
#3966=CARTESIAN_POINT('',(35.4866267361472,39.5,-5.));
#3967=CARTESIAN_POINT('',(43.4866267361472,39.5,-5.));
#3968=CARTESIAN_POINT('',(43.4866267361472,39.5,-5.));
#3969=CARTESIAN_POINT('',(43.4866267361472,31.5,-5.));
#3970=CARTESIAN_POINT('',(40.8366267361472,35.5,-5.));
#3971=CARTESIAN_POINT('Origin',(39.4866267361472,35.5,-5.));
#3972=CARTESIAN_POINT('Origin',(35.4866267361472,31.5,0.));
#3973=CARTESIAN_POINT('',(35.4866267361472,39.5,0.));
#3974=CARTESIAN_POINT('Origin',(35.4866267361472,39.5,0.));
#3975=CARTESIAN_POINT('',(43.4866267361472,39.5,0.));
#3976=CARTESIAN_POINT('Origin',(43.4866267361472,39.5,0.));
#3977=CARTESIAN_POINT('Origin',(39.4866267361472,35.5,0.));
#3978=CARTESIAN_POINT('',(40.8366267361472,35.5,0.));
#3979=CARTESIAN_POINT('Origin',(-0.999999999999993,-35.5,-5.));
#3980=CARTESIAN_POINT('',(3.00000000000001,-39.5,-5.));
#3981=CARTESIAN_POINT('',(3.00000000000001,-39.5,-5.));
#3982=CARTESIAN_POINT('',(-4.99999999999999,-39.5,-5.));
#3983=CARTESIAN_POINT('',(-4.99999999999999,-39.5,-5.));
#3984=CARTESIAN_POINT('',(-4.99999999999999,-31.5,-5.));
#3985=CARTESIAN_POINT('',(0.350000000000004,-35.5,-5.));
#3986=CARTESIAN_POINT('Origin',(-0.999999999999994,-35.5,-5.));
#3987=CARTESIAN_POINT('Origin',(3.,-31.5,0.));
#3988=CARTESIAN_POINT('',(3.00000000000001,-39.5,0.));
#3989=CARTESIAN_POINT('Origin',(3.00000000000001,-39.5,0.));
#3990=CARTESIAN_POINT('',(-4.99999999999999,-39.5,0.));
#3991=CARTESIAN_POINT('Origin',(-4.99999999999999,-39.5,0.));
#3992=CARTESIAN_POINT('Origin',(-0.999999999999994,-35.5,0.));
#3993=CARTESIAN_POINT('',(0.350000000000004,-35.5,0.));
#3994=CARTESIAN_POINT('Origin',(39.4866267361472,-35.5,-5.));
#3995=CARTESIAN_POINT('',(43.4866267361472,-39.5,-5.));
#3996=CARTESIAN_POINT('',(43.4866267361472,-39.5,-5.));
#3997=CARTESIAN_POINT('',(35.4866267361472,-39.5,-5.));
#3998=CARTESIAN_POINT('',(35.4866267361472,-39.5,-5.));
#3999=CARTESIAN_POINT('',(35.4866267361472,-31.5,-5.));
#4000=CARTESIAN_POINT('',(40.8366267361472,-35.5,-5.));
#4001=CARTESIAN_POINT('Origin',(39.4866267361472,-35.5,-5.));
#4002=CARTESIAN_POINT('Origin',(43.4866267361472,-31.5,0.));
#4003=CARTESIAN_POINT('',(43.4866267361472,-39.5,0.));
#4004=CARTESIAN_POINT('Origin',(43.4866267361472,-39.5,0.));
#4005=CARTESIAN_POINT('',(35.4866267361472,-39.5,0.));
#4006=CARTESIAN_POINT('Origin',(35.4866267361472,-39.5,0.));
#4007=CARTESIAN_POINT('Origin',(39.4866267361472,-35.5,0.));
#4008=CARTESIAN_POINT('',(40.8366267361472,-35.5,0.));
#4009=CARTESIAN_POINT('Origin',(-1.,35.5,-5.));
#4010=CARTESIAN_POINT('',(-5.,39.5,-5.));
#4011=CARTESIAN_POINT('',(-5.,39.5,-5.));
#4012=CARTESIAN_POINT('',(3.,39.5,-5.));
#4013=CARTESIAN_POINT('',(3.,39.5,-5.));
#4014=CARTESIAN_POINT('',(3.,31.5,-5.));
#4015=CARTESIAN_POINT('',(0.350000000000006,35.5,-5.));
#4016=CARTESIAN_POINT('Origin',(-0.999999999999994,35.5,-5.));
#4017=CARTESIAN_POINT('Origin',(-5.,31.5,0.));
#4018=CARTESIAN_POINT('',(-5.,39.5,0.));
#4019=CARTESIAN_POINT('Origin',(-5.,39.5,0.));
#4020=CARTESIAN_POINT('',(3.,39.5,0.));
#4021=CARTESIAN_POINT('Origin',(3.,39.5,0.));
#4022=CARTESIAN_POINT('Origin',(-0.999999999999994,35.5,0.));
#4023=CARTESIAN_POINT('',(0.350000000000006,35.5,0.));
#4024=CARTESIAN_POINT('Origin',(0.,0.,-11.5));
#4025=CARTESIAN_POINT('',(48.,-15.75,-11.5));
#4026=CARTESIAN_POINT('Origin',(48.,-31.5,-27.5));
#4027=CARTESIAN_POINT('',(0.,0.,0.));
#4028=CARTESIAN_POINT('Origin',(93.5000000000001,0.,-35.));
#4029=CARTESIAN_POINT('',(95.0000000000001,-27.5,-35.));
#4030=CARTESIAN_POINT('',(92.,-27.5,-35.));
#4031=CARTESIAN_POINT('',(92.,-27.5,-35.));
#4032=CARTESIAN_POINT('',(95.0000000000001,27.5,-35.));
#4033=CARTESIAN_POINT('',(95.0000000000001,15.75,-35.));
#4034=CARTESIAN_POINT('',(92.,27.5,-35.));
#4035=CARTESIAN_POINT('',(95.0000000000001,27.5,-35.));
#4036=CARTESIAN_POINT('',(92.,-13.75,-35.));
#4037=CARTESIAN_POINT('Origin',(14.0000000000001,4.44089209850063E-15,0.));
#4038=CARTESIAN_POINT('',(95.0000000000001,-27.5,0.));
#4039=CARTESIAN_POINT('',(-62.,-27.5,0.));
#4040=CARTESIAN_POINT('',(53.,-27.5,0.));
#4041=CARTESIAN_POINT('',(-62.,-31.5,0.));
#4042=CARTESIAN_POINT('',(-62.,-13.75,0.));
#4043=CARTESIAN_POINT('',(-52.919,-31.5,0.));
#4044=CARTESIAN_POINT('',(-67.,-31.5,0.));
#4045=CARTESIAN_POINT('',(-52.919,-39.5,0.));
#4046=CARTESIAN_POINT('',(-52.919,-31.5,0.));
#4047=CARTESIAN_POINT('',(-44.919,-39.5,0.));
#4048=CARTESIAN_POINT('',(-52.919,-39.5,0.));
#4049=CARTESIAN_POINT('',(-44.919,-31.5,0.));
#4050=CARTESIAN_POINT('',(-44.919,-39.5,0.));
#4051=CARTESIAN_POINT('',(-6.,-31.5,0.));
#4052=CARTESIAN_POINT('',(-67.,-31.5,0.));
#4053=CARTESIAN_POINT('',(-6.00000000000001,-39.5,0.));
#4054=CARTESIAN_POINT('',(-6.,-31.5,0.));
#4055=CARTESIAN_POINT('',(1.99999999999999,-39.5,0.));
#4056=CARTESIAN_POINT('',(-6.00000000000001,-39.5,0.));
#4057=CARTESIAN_POINT('',(2.,-31.5,0.));
#4058=CARTESIAN_POINT('',(1.99999999999999,-39.5,0.));
#4059=CARTESIAN_POINT('',(34.487,-31.5,0.));
#4060=CARTESIAN_POINT('',(-67.,-31.5,0.));
#4061=CARTESIAN_POINT('',(34.487,-39.5,0.));
#4062=CARTESIAN_POINT('',(34.487,-31.5,0.));
#4063=CARTESIAN_POINT('',(42.487,-39.5,0.));
#4064=CARTESIAN_POINT('',(34.487,-39.5,0.));
#4065=CARTESIAN_POINT('',(42.487,-31.4999999999999,0.));
#4066=CARTESIAN_POINT('',(42.487,-39.5,0.));
#4067=CARTESIAN_POINT('',(95.0000000000001,-31.4999999999999,0.));
#4068=CARTESIAN_POINT('',(-67.,-31.5,0.));
#4069=CARTESIAN_POINT('',(95.0000000000001,-31.4999999999999,0.));
#4070=CARTESIAN_POINT('',(-0.650000000000007,-35.5,0.));
#4071=CARTESIAN_POINT('Origin',(-2.00000000000001,-35.5,0.));
#4072=CARTESIAN_POINT('',(-47.569,-35.5,0.));
#4073=CARTESIAN_POINT('Origin',(-48.919,-35.5,0.));
#4074=CARTESIAN_POINT('',(39.837,-35.5,0.));
#4075=CARTESIAN_POINT('Origin',(38.487,-35.5,0.));
#4076=CARTESIAN_POINT('Origin',(14.0000000000001,4.44089209850063E-15,0.));
#4077=CARTESIAN_POINT('',(-62.,27.5,0.));
#4078=CARTESIAN_POINT('',(95.0000000000001,27.5,0.));
#4079=CARTESIAN_POINT('',(53.,27.5,0.));
#4080=CARTESIAN_POINT('',(95.0000000000001,31.5,0.));
#4081=CARTESIAN_POINT('',(95.0000000000001,-31.4999999999999,0.));
#4082=CARTESIAN_POINT('',(42.487,31.5,0.));
#4083=CARTESIAN_POINT('',(95.0000000000001,31.5,0.));
#4084=CARTESIAN_POINT('',(42.487,39.5,0.));
#4085=CARTESIAN_POINT('',(42.487,31.5,0.));
#4086=CARTESIAN_POINT('',(34.487,39.5,0.));
#4087=CARTESIAN_POINT('',(42.487,39.5,0.));
#4088=CARTESIAN_POINT('',(34.487,31.5,0.));
#4089=CARTESIAN_POINT('',(34.487,39.5,0.));
#4090=CARTESIAN_POINT('',(2.,31.5,0.));
#4091=CARTESIAN_POINT('',(95.0000000000001,31.5,0.));
#4092=CARTESIAN_POINT('',(1.99999999999999,39.5,0.));
#4093=CARTESIAN_POINT('',(2.,31.5,0.));
#4094=CARTESIAN_POINT('',(-6.00000000000001,39.5,0.));
#4095=CARTESIAN_POINT('',(1.99999999999999,39.5,0.));
#4096=CARTESIAN_POINT('',(-6.,31.5,0.));
#4097=CARTESIAN_POINT('',(-6.00000000000001,39.5,0.));
#4098=CARTESIAN_POINT('',(-44.919,31.5,0.));
#4099=CARTESIAN_POINT('',(95.0000000000001,31.5,0.));
#4100=CARTESIAN_POINT('',(-44.919,39.5,0.));
#4101=CARTESIAN_POINT('',(-44.919,31.5,0.));
#4102=CARTESIAN_POINT('',(-52.919,39.5,0.));
#4103=CARTESIAN_POINT('',(-44.919,39.5,0.));
#4104=CARTESIAN_POINT('',(-52.919,31.5,0.));
#4105=CARTESIAN_POINT('',(-52.919,39.5,0.));
#4106=CARTESIAN_POINT('',(-62.,31.5,0.));
#4107=CARTESIAN_POINT('',(95.0000000000001,31.5,0.));
#4108=CARTESIAN_POINT('',(-62.,-13.75,0.));
#4109=CARTESIAN_POINT('',(39.837,35.5,0.));
#4110=CARTESIAN_POINT('Origin',(38.487,35.5,0.));
#4111=CARTESIAN_POINT('',(-0.650000000000005,35.5,0.));
#4112=CARTESIAN_POINT('Origin',(-2.00000000000001,35.5,0.));
#4113=CARTESIAN_POINT('',(-47.569,35.5,0.));
#4114=CARTESIAN_POINT('Origin',(-48.919,35.5,0.));
#4115=CARTESIAN_POINT('Origin',(-62.,-27.5,0.));
#4116=CARTESIAN_POINT('',(-62.,-27.5,-10.));
#4117=CARTESIAN_POINT('',(-62.,-27.5,0.));
#4118=CARTESIAN_POINT('',(-62.,-31.5,-10.));
#4119=CARTESIAN_POINT('',(-62.,-31.5,-10.));
#4120=CARTESIAN_POINT('',(-62.,-31.5,0.));
#4121=CARTESIAN_POINT('Origin',(-62.,-27.5,0.));
#4122=CARTESIAN_POINT('',(92.,-27.5,-39.));
#4123=CARTESIAN_POINT('',(92.,-27.5,0.));
#4124=CARTESIAN_POINT('',(-62.,-27.5,-39.));
#4125=CARTESIAN_POINT('',(-21.,-27.5,-39.));
#4126=CARTESIAN_POINT('',(-62.,-27.5,0.));
#4127=CARTESIAN_POINT('',(95.0000000000001,-27.5,0.));
#4128=CARTESIAN_POINT('Origin',(92.,-27.5,0.));
#4129=CARTESIAN_POINT('',(92.,27.5,-39.));
#4130=CARTESIAN_POINT('',(92.,27.5,0.));
#4131=CARTESIAN_POINT('',(92.,-13.75,-39.));
#4132=CARTESIAN_POINT('Origin',(-64.5,-4.44089209850063E-15,-10.));
#4133=CARTESIAN_POINT('',(-62.,27.5,-10.));
#4134=CARTESIAN_POINT('',(-62.,13.75,-10.));
#4135=CARTESIAN_POINT('',(-62.,31.5,-10.));
#4136=CARTESIAN_POINT('',(-62.,-31.5,-10.));
#4137=CARTESIAN_POINT('',(-67.,31.5,-10.));
#4138=CARTESIAN_POINT('',(-65.75,31.5,-10.));
#4139=CARTESIAN_POINT('',(-67.,-31.5,-10.));
#4140=CARTESIAN_POINT('',(-67.,-15.75,-10.));
#4141=CARTESIAN_POINT('',(15.2500000000001,-31.5,-10.));
#4142=CARTESIAN_POINT('Origin',(-62.,-27.5,0.));
#4143=CARTESIAN_POINT('',(-62.,27.5,0.));
#4144=CARTESIAN_POINT('',(-62.,31.5,0.));
#4145=CARTESIAN_POINT('Origin',(92.,27.5,0.));
#4146=CARTESIAN_POINT('',(-62.,27.5,-39.));
#4147=CARTESIAN_POINT('',(-62.,27.5,0.));
#4148=CARTESIAN_POINT('',(56.,27.5,-39.));
#4149=CARTESIAN_POINT('',(95.0000000000001,27.5,0.));
#4150=CARTESIAN_POINT('Origin',(-62.,27.5,0.));
#4151=CARTESIAN_POINT('',(-62.,13.75,-39.));
#4152=CARTESIAN_POINT('Origin',(95.0000000000001,-31.4999999999999,0.));
#4153=CARTESIAN_POINT('',(-67.,-31.5,-40.));
#4154=CARTESIAN_POINT('',(-67.,-31.5,0.));
#4155=CARTESIAN_POINT('',(95.0000000000001,-31.4999999999999,-40.));
#4156=CARTESIAN_POINT('',(-67.,-31.5,-40.));
#4157=CARTESIAN_POINT('',(95.0000000000001,-31.4999999999999,0.));
#4158=CARTESIAN_POINT('',(42.487,-31.4999999999999,-2.));
#4159=CARTESIAN_POINT('',(42.487,-31.4999999999999,0.));
#4160=CARTESIAN_POINT('',(34.487,-31.5,-2.));
#4161=CARTESIAN_POINT('',(66.7435000000001,-31.4999999999999,-2.));
#4162=CARTESIAN_POINT('',(34.487,-31.5,0.));
#4163=CARTESIAN_POINT('',(2.,-31.5,-2.));
#4164=CARTESIAN_POINT('',(2.00000000000001,-31.5,0.));
#4165=CARTESIAN_POINT('',(-6.,-31.5,-2.));
#4166=CARTESIAN_POINT('',(46.5000000000001,-31.4999999999999,-2.));
#4167=CARTESIAN_POINT('',(-5.99999999999999,-31.5,0.));
#4168=CARTESIAN_POINT('',(-44.919,-31.5,-2.));
#4169=CARTESIAN_POINT('',(-44.919,-31.5,0.));
#4170=CARTESIAN_POINT('',(-52.919,-31.5,-2.));
#4171=CARTESIAN_POINT('',(23.0405000000001,-31.5,-2.));
#4172=CARTESIAN_POINT('',(-52.919,-31.5,0.));
#4173=CARTESIAN_POINT('Origin',(38.487,35.5,0.));
#4174=CARTESIAN_POINT('',(39.837,35.5,-2.));
#4175=CARTESIAN_POINT('Origin',(38.487,35.5,-2.));
#4176=CARTESIAN_POINT('',(39.837,35.5,0.));
#4177=CARTESIAN_POINT('Origin',(42.487,39.5,0.));
#4178=CARTESIAN_POINT('',(42.487,31.5,-2.));
#4179=CARTESIAN_POINT('',(42.487,31.5,0.));
#4180=CARTESIAN_POINT('',(42.487,39.5,-2.));
#4181=CARTESIAN_POINT('',(42.487,31.5,-2.));
#4182=CARTESIAN_POINT('',(42.487,39.5,0.));
#4183=CARTESIAN_POINT('Origin',(34.487,39.5,0.));
#4184=CARTESIAN_POINT('',(34.487,39.5,-2.));
#4185=CARTESIAN_POINT('',(42.487,39.5,-2.));
#4186=CARTESIAN_POINT('',(34.487,39.5,0.));
#4187=CARTESIAN_POINT('Origin',(34.487,31.5,0.));
#4188=CARTESIAN_POINT('',(34.487,31.5,-2.));
#4189=CARTESIAN_POINT('',(34.487,39.5,-2.));
#4190=CARTESIAN_POINT('',(34.487,31.5,0.));
#4191=CARTESIAN_POINT('Origin',(38.487,35.5,-2.));
#4192=CARTESIAN_POINT('',(-14.2565,31.5,-2.));
#4193=CARTESIAN_POINT('Origin',(38.487,-35.5,0.));
#4194=CARTESIAN_POINT('',(39.837,-35.5,-2.));
#4195=CARTESIAN_POINT('Origin',(38.487,-35.5,-2.));
#4196=CARTESIAN_POINT('',(39.837,-35.5,0.));
#4197=CARTESIAN_POINT('Origin',(34.487,-39.5,0.));
#4198=CARTESIAN_POINT('',(34.487,-39.5,-2.));
#4199=CARTESIAN_POINT('',(34.487,-31.5,-2.));
#4200=CARTESIAN_POINT('',(34.487,-39.5,0.));
#4201=CARTESIAN_POINT('Origin',(42.487,-39.5,0.));
#4202=CARTESIAN_POINT('',(42.487,-39.5,-2.));
#4203=CARTESIAN_POINT('',(34.487,-39.5,-2.));
#4204=CARTESIAN_POINT('',(42.487,-39.5,0.));
#4205=CARTESIAN_POINT('Origin',(42.487,-31.4999999999999,0.));
#4206=CARTESIAN_POINT('',(42.487,-39.5,-2.));
#4207=CARTESIAN_POINT('Origin',(38.487,-35.5,-2.));
#4208=CARTESIAN_POINT('Origin',(-2.00000000000001,35.5,0.));
#4209=CARTESIAN_POINT('',(-0.650000000000005,35.5,-2.));
#4210=CARTESIAN_POINT('Origin',(-2.00000000000001,35.5,-2.));
#4211=CARTESIAN_POINT('',(-0.650000000000005,35.5,0.));
#4212=CARTESIAN_POINT('Origin',(1.99999999999999,39.5,0.));
#4213=CARTESIAN_POINT('',(2.00000000000001,31.5,-2.));
#4214=CARTESIAN_POINT('',(2.,31.5,0.));
#4215=CARTESIAN_POINT('',(1.99999999999999,39.5,-2.));
#4216=CARTESIAN_POINT('',(2.,31.5,-2.));
#4217=CARTESIAN_POINT('',(1.99999999999999,39.5,0.));
#4218=CARTESIAN_POINT('Origin',(-6.00000000000001,39.5,0.));
#4219=CARTESIAN_POINT('',(-6.00000000000001,39.5,-2.));
#4220=CARTESIAN_POINT('',(1.99999999999999,39.5,-2.));
#4221=CARTESIAN_POINT('',(-6.00000000000001,39.5,0.));
#4222=CARTESIAN_POINT('Origin',(-6.,31.5,0.));
#4223=CARTESIAN_POINT('',(-6.,31.5,-2.));
#4224=CARTESIAN_POINT('',(-6.00000000000001,39.5,-2.));
#4225=CARTESIAN_POINT('',(-6.,31.5,0.));
#4226=CARTESIAN_POINT('Origin',(-2.,35.5,-2.));
#4227=CARTESIAN_POINT('',(-34.5,31.5,-2.));
#4228=CARTESIAN_POINT('Origin',(-48.919,-35.5,0.));
#4229=CARTESIAN_POINT('',(-47.569,-35.5,-2.));
#4230=CARTESIAN_POINT('Origin',(-48.919,-35.5,-2.));
#4231=CARTESIAN_POINT('',(-47.569,-35.5,0.));
#4232=CARTESIAN_POINT('Origin',(-52.919,-39.5,0.));
#4233=CARTESIAN_POINT('',(-52.919,-39.5,-2.));
#4234=CARTESIAN_POINT('',(-52.919,-31.5,-2.));
#4235=CARTESIAN_POINT('',(-52.919,-39.5,0.));
#4236=CARTESIAN_POINT('Origin',(-44.919,-39.5,0.));
#4237=CARTESIAN_POINT('',(-44.919,-39.5,-2.));
#4238=CARTESIAN_POINT('',(-52.919,-39.5,-2.));
#4239=CARTESIAN_POINT('',(-44.919,-39.5,0.));
#4240=CARTESIAN_POINT('Origin',(-44.919,-31.5,0.));
#4241=CARTESIAN_POINT('',(-44.919,-39.5,-2.));
#4242=CARTESIAN_POINT('Origin',(-48.919,-35.5,-2.));
#4243=CARTESIAN_POINT('Origin',(-2.00000000000001,-35.5,0.));
#4244=CARTESIAN_POINT('',(-0.650000000000007,-35.5,-2.));
#4245=CARTESIAN_POINT('Origin',(-2.00000000000001,-35.5,-2.));
#4246=CARTESIAN_POINT('',(-0.650000000000007,-35.5,0.));
#4247=CARTESIAN_POINT('Origin',(-6.00000000000001,-39.5,0.));
#4248=CARTESIAN_POINT('',(-6.00000000000001,-39.5,-2.));
#4249=CARTESIAN_POINT('',(-6.,-31.5,-2.));
#4250=CARTESIAN_POINT('',(-6.00000000000001,-39.5,0.));
#4251=CARTESIAN_POINT('Origin',(1.99999999999999,-39.5,0.));
#4252=CARTESIAN_POINT('',(1.99999999999999,-39.5,-2.));
#4253=CARTESIAN_POINT('',(-6.00000000000001,-39.5,-2.));
#4254=CARTESIAN_POINT('',(1.99999999999999,-39.5,0.));
#4255=CARTESIAN_POINT('Origin',(2.,-31.5,0.));
#4256=CARTESIAN_POINT('',(1.99999999999999,-39.5,-2.));
#4257=CARTESIAN_POINT('Origin',(-2.,-35.5,-2.));
#4258=CARTESIAN_POINT('Origin',(-48.919,35.5,0.));
#4259=CARTESIAN_POINT('',(-47.569,35.5,-2.));
#4260=CARTESIAN_POINT('Origin',(-48.919,35.5,-2.));
#4261=CARTESIAN_POINT('',(-47.569,35.5,0.));
#4262=CARTESIAN_POINT('Origin',(-44.919,39.5,0.));
#4263=CARTESIAN_POINT('',(-44.919,31.5,-2.));
#4264=CARTESIAN_POINT('',(-44.919,31.5,0.));
#4265=CARTESIAN_POINT('',(-44.919,39.5,-2.));
#4266=CARTESIAN_POINT('',(-44.919,31.5,-2.));
#4267=CARTESIAN_POINT('',(-44.919,39.5,0.));
#4268=CARTESIAN_POINT('Origin',(-52.919,39.5,0.));
#4269=CARTESIAN_POINT('',(-52.919,39.5,-2.));
#4270=CARTESIAN_POINT('',(-44.919,39.5,-2.));
#4271=CARTESIAN_POINT('',(-52.919,39.5,0.));
#4272=CARTESIAN_POINT('Origin',(-52.919,31.5,0.));
#4273=CARTESIAN_POINT('',(-52.919,31.5,-2.));
#4274=CARTESIAN_POINT('',(-52.919,39.5,-2.));
#4275=CARTESIAN_POINT('',(-52.919,31.5,0.));
#4276=CARTESIAN_POINT('Origin',(-48.919,35.5,-2.));
#4277=CARTESIAN_POINT('',(-57.9595,31.5,-2.));
#4278=CARTESIAN_POINT('Origin',(-67.,31.5,0.));
#4279=CARTESIAN_POINT('',(95.0000000000001,31.5,-40.));
#4280=CARTESIAN_POINT('',(95.0000000000001,31.5,0.));
#4281=CARTESIAN_POINT('',(-67.,31.5,-40.));
#4282=CARTESIAN_POINT('',(95.0000000000001,31.5,-40.));
#4283=CARTESIAN_POINT('',(-67.,31.5,0.));
#4284=CARTESIAN_POINT('Origin',(20.,0.,-39.));
#4285=CARTESIAN_POINT('Origin',(95.0000000000001,31.5,0.));
#4286=CARTESIAN_POINT('',(95.0000000000001,-31.4999999999999,-40.));
#4287=CARTESIAN_POINT('Origin',(-67.,-31.5,0.));
#4288=CARTESIAN_POINT('',(-67.,31.5,-40.));
#4289=CARTESIAN_POINT('Origin',(14.0000000000001,4.44089209850063E-15,-40.));
#4290=CARTESIAN_POINT('',(0.,0.,0.));
#4291=CARTESIAN_POINT('polyline point',(-62.,27.5,-39.));
#4292=CARTESIAN_POINT('polyline point',(92.,27.5,-39.));
#4293=CARTESIAN_POINT('polyline point',(-62.,27.5,-39.));
#4294=CARTESIAN_POINT('polyline point',(-47.,27.5,-39.));
#4295=CARTESIAN_POINT('polyline point',(92.,27.5,-39.));
#4296=CARTESIAN_POINT('polyline point',(95.0000000000001,27.5,-39.));
#4297=CARTESIAN_POINT('polyline point',(95.0000000000001,27.5,-39.));
#4298=CARTESIAN_POINT('polyline point',(20.0000000000001,27.5,-39.));
#4299=CARTESIAN_POINT('',(0.,0.,-39.));
#4300=CARTESIAN_POINT('',(35.1552682994124,80.076089723931,-77.1542208520209));
#4301=CARTESIAN_POINT('',(36.1549603119639,80.0760897239309,-79.154220852021));
#4302=UNCERTAINTY_MEASURE_WITH_UNIT(LENGTH_MEASURE(0.01),#4310,
'DISTANCE_ACCURACY_VALUE',
'Maximum model space distance between geometric entities at asserted c
onnectivities');
#4303=UNCERTAINTY_MEASURE_WITH_UNIT(LENGTH_MEASURE(0.01),#4310,
'DISTANCE_ACCURACY_VALUE',
'Maximum model space distance between geometric entities at asserted c
onnectivities');
#4304=UNCERTAINTY_MEASURE_WITH_UNIT(LENGTH_MEASURE(0.01),#4310,
'DISTANCE_ACCURACY_VALUE',
'Maximum model space distance between geometric entities at asserted c
onnectivities');
#4305=UNCERTAINTY_MEASURE_WITH_UNIT(LENGTH_MEASURE(0.01),#4310,
'DISTANCE_ACCURACY_VALUE',
'Maximum model space distance between geometric entities at asserted c
onnectivities');
#4306=(
GEOMETRIC_REPRESENTATION_CONTEXT(3)
GLOBAL_UNCERTAINTY_ASSIGNED_CONTEXT((#4302))
GLOBAL_UNIT_ASSIGNED_CONTEXT((#4310,#4312,#4313))
REPRESENTATION_CONTEXT('','3D')
);
#4307=(
GEOMETRIC_REPRESENTATION_CONTEXT(3)
GLOBAL_UNCERTAINTY_ASSIGNED_CONTEXT((#4303))
GLOBAL_UNIT_ASSIGNED_CONTEXT((#4310,#4312,#4313))
REPRESENTATION_CONTEXT('','3D')
);
#4308=(
GEOMETRIC_REPRESENTATION_CONTEXT(3)
GLOBAL_UNCERTAINTY_ASSIGNED_CONTEXT((#4304))
GLOBAL_UNIT_ASSIGNED_CONTEXT((#4310,#4312,#4313))
REPRESENTATION_CONTEXT('','3D')
);
#4309=(
GEOMETRIC_REPRESENTATION_CONTEXT(3)
GLOBAL_UNCERTAINTY_ASSIGNED_CONTEXT((#4305))
GLOBAL_UNIT_ASSIGNED_CONTEXT((#4310,#4312,#4313))
REPRESENTATION_CONTEXT('','3D')
);
#4310=(
LENGTH_UNIT()
NAMED_UNIT(*)
SI_UNIT(.MILLI.,.METRE.)
);
#4311=(
LENGTH_UNIT()
NAMED_UNIT(*)
SI_UNIT(.CENTI.,.METRE.)
);
#4312=(
NAMED_UNIT(*)
PLANE_ANGLE_UNIT()
SI_UNIT($,.RADIAN.)
);
#4313=(
NAMED_UNIT(*)
SI_UNIT($,.STERADIAN.)
SOLID_ANGLE_UNIT()
);
#4314=SHAPE_DEFINITION_REPRESENTATION(#4317,#4322);
#4315=SHAPE_DEFINITION_REPRESENTATION(#4318,#4323);
#4316=SHAPE_DEFINITION_REPRESENTATION(#4319,#4324);
#4317=PRODUCT_DEFINITION_SHAPE('',$,#4326);
#4318=PRODUCT_DEFINITION_SHAPE('',$,#4327);
#4319=PRODUCT_DEFINITION_SHAPE('',$,#4328);
#4320=PRODUCT_DEFINITION_SHAPE($,$,#17);
#4321=PRODUCT_DEFINITION_SHAPE($,$,#18);
#4322=SHAPE_REPRESENTATION('',(#2704,#2881,#2882),#4306);
#4323=SHAPE_REPRESENTATION('',(#2705),#4307);
#4324=SHAPE_REPRESENTATION('',(#2822),#4308);
#4325=PRODUCT_DEFINITION_CONTEXT('part definition',#4336,'design');
#4326=PRODUCT_DEFINITION('MOTOR S\X\DCR\X\DCC\X\DC KUTUSU MONTAJ',
'MOTOR S\X\DCR\X\DCC\X\DC KUTUSU MONTAJ',#4329,#4325);
#4327=PRODUCT_DEFINITION('motor s\X\FCr\X\FCc\X\FC kutusu',
'motor s\X\FCr\X\FCc\X\FC kutusu',#4330,#4325);
#4328=PRODUCT_DEFINITION('kapak','kapak',#4331,#4325);
#4329=PRODUCT_DEFINITION_FORMATION('',$,#4338);
#4330=PRODUCT_DEFINITION_FORMATION('',$,#4339);
#4331=PRODUCT_DEFINITION_FORMATION('',$,#4340);
#4332=PRODUCT_RELATED_PRODUCT_CATEGORY('MOTOR S\X\DCR\X\DCC\X\DC KUTUS
U MONTAJ','MOTOR S\X\DCR\X\DCC\X\DC KUTUSU MONTAJ',(#4338));
#4333=PRODUCT_RELATED_PRODUCT_CATEGORY('motor s\X\FCr\X\FCc\X\FC kutus
u','motor s\X\FCr\X\FCc\X\FC kutusu',(#4339));
#4334=PRODUCT_RELATED_PRODUCT_CATEGORY('kapak','kapak',(#4340));
#4335=APPLICATION_PROTOCOL_DEFINITION('international standard',
'automotive_design',2009,#4336);
#4336=APPLICATION_CONTEXT(
'Core Data for Automotive Mechanical Design Process');
#4337=PRODUCT_CONTEXT('part definition',#4336,'mechanical');
#4338=PRODUCT('MOTOR S\X\DCR\X\DCC\X\DC KUTUSU MONTAJ',
'MOTOR S\X\DCR\X\DCC\X\DC KUTUSU MONTAJ',$,(#4337));
#4339=PRODUCT('motor s\X\FCr\X\FCc\X\FC kutusu',
'motor s\X\FCr\X\FCc\X\FC kutusu',$,(#4337));
#4340=PRODUCT('kapak','kapak',$,(#4337));
ENDSEC;
END-ISO-10303-21;
